date,temperature_2m,soil_temperature_0_to_7cm,weather_code,shortwave_radiation_instant,cloud_cover,cloud_cover_low,cloud_cover_mid,cloud_cover_high
2026-02-28 22:00:00+00:00,6.15,7.25,1.0,0.0,23.0,9.0,23.0,0.0
2026-02-28 23:00:00+00:00,5.15,6.75,0.0,0.0,1.0,1.0,0.0,0.0
2026-03-01 00:00:00+00:00,4.65,6.5,0.0,0.0,0.0,0.0,0.0,0.0
2026-03-01 01:00:00+00:00,4.3,6.0,3.0,0.0,97.0,0.0,0.0,97.0
2026-03-01 02:00:00+00:00,4.1,5.7,0.0,0.0,5.0,0.0,4.0,2.0
2026-03-01 03:00:00+00:00,3.85,5.4,0.0,0.0,1.0,0.0,1.0,0.0
2026-03-01 04:00:00+00:00,3.8,5.2,3.0,0.0,91.0,0.0,91.0,0.0
2026-03-01 05:00:00+00:00,4.1,5.15,1.0,0.0,41.0,0.0,41.0,0.0
2026-03-01 06:00:00+00:00,5.0,5.3,0.0,0.0,5.0,0.0,5.0,0.0
2026-03-01 07:00:00+00:00,4.5,5.15,0.0,34.58898,0.0,0.0,0.0,0.0
2026-03-01 08:00:00+00:00,6.25,5.6,0.0,153.32686,0.0,0.0,0.0,0.0
2026-03-01 09:00:00+00:00,8.15,6.6,3.0,290.8734,100.0,0.0,100.0,0.0
2026-03-01 10:00:00+00:00,9.45,7.65,0.0,338.18948,8.0,0.0,8.0,0.0
2026-03-01 11:00:00+00:00,10.8,8.85,0.0,485.9564,5.0,0.0,0.0,5.0
2026-03-01 12:00:00+00:00,11.85,9.9,3.0,511.88843,88.0,0.0,0.0,88.0
2026-03-01 13:00:00+00:00,12.35,10.45,3.0,441.51938,100.0,65.0,100.0,73.0
2026-03-01 14:00:00+00:00,11.45,10.2,3.0,126.30472,100.0,93.0,98.0,0.0
2026-03-01 15:00:00+00:00,11.1,10.0,3.0,93.558205,100.0,100.0,100.0,0.0
2026-03-01 16:00:00+00:00,10.65,9.7,3.0,31.914806,100.0,89.0,100.0,0.0
2026-03-01 17:00:00+00:00,10.75,9.45,3.0,9.048802,100.0,100.0,96.0,0.0
2026-03-01 18:00:00+00:00,10.75,9.95,3.0,0.0,100.0,92.0,100.0,0.0
2026-03-01 19:00:00+00:00,10.55,9.6,3.0,0.0,100.0,1.0,100.0,0.0
2026-03-01 20:00:00+00:00,10.35,9.3,3.0,0.0,100.0,0.0,100.0,0.0
2026-03-01 21:00:00+00:00,9.95,9.05,3.0,0.0,94.0,0.0,94.0,0.0
2026-03-01 22:00:00+00:00,9.7,8.85,1.0,0.0,34.0,13.0,25.0,0.0
2026-03-01 23:00:00+00:00,8.9,8.55,1.0,0.0,26.0,24.0,2.0,0.0
2026-03-02 00:00:00+00:00,7.65,7.9,0.0,0.0,9.0,2.0,9.0,0.0
2026-03-02 01:00:00+00:00,7.05,7.4,1.0,0.0,38.0,0.0,8.0,32.0
2026-03-02 02:00:00+00:00,6.55,7.05,2.0,0.0,65.0,0.0,6.0,63.0
2026-03-02 03:00:00+00:00,6.15,6.75,3.0,0.0,91.0,0.0,0.0,91.0
2026-03-02 04:00:00+00:00,5.9,6.5,3.0,0.0,82.0,0.0,0.0,82.0
2026-03-02 05:00:00+00:00,5.7,6.3,1.0,0.0,20.0,0.0,0.0,20.0
2026-03-02 06:00:00+00:00,5.65,5.95,3.0,0.0,96.0,0.0,0.0,96.0
2026-03-02 07:00:00+00:00,5.75,5.85,3.0,36.11458,93.0,0.0,0.0,93.0
2026-03-02 08:00:00+00:00,7.4,6.4,3.0,155.87166,90.0,0.0,0.0,90.0
2026-03-02 09:00:00+00:00,9.45,7.45,2.0,297.11136,79.0,0.0,0.0,79.0
2026-03-02 10:00:00+00:00,11.4,8.8,0.0,412.1065,4.0,0.0,0.0,4.0
2026-03-02 11:00:00+00:00,13.1,10.05,0.0,486.67133,15.0,0.0,0.0,15.0
2026-03-02 12:00:00+00:00,14.95,11.8,0.0,510.76605,18.0,0.0,0.0,18.0
2026-03-02 13:00:00+00:00,15.75,12.5,0.0,485.18698,0.0,0.0,0.0,0.0
2026-03-02 14:00:00+00:00,15.95,12.9,0.0,413.3437,0.0,0.0,0.0,0.0
2026-03-02 15:00:00+00:00,15.85,12.95,0.0,301.00323,0.0,0.0,0.0,0.0
2026-03-02 16:00:00+00:00,14.9,12.65,0.0,165.02187,0.0,0.0,0.0,0.0
2026-03-02 17:00:00+00:00,12.2,11.7,0.0,32.417862,0.0,0.0,0.0,0.0
2026-03-02 18:00:00+00:00,10.35,11.45,0.0,0.0,0.0,0.0,0.0,0.0
2026-03-02 19:00:00+00:00,9.85,10.15,0.0,0.0,1.0,0.0,1.0,0.0
2026-03-02 20:00:00+00:00,8.85,9.15,0.0,0.0,0.0,0.0,0.0,0.0
2026-03-02 21:00:00+00:00,7.9,8.4,0.0,0.0,0.0,0.0,0.0,0.0
2026-03-02 22:00:00+00:00,7.15,7.7,0.0,0.0,0.0,0.0,0.0,0.0
2026-03-02 23:00:00+00:00,6.55,7.15,0.0,0.0,0.0,0.0,0.0,0.0
2026-03-03 00:00:00+00:00,6.3,6.3,0.0,0.0,0.0,0.0,0.0,0.0
2026-03-03 01:00:00+00:00,5.75,6.05,0.0,0.0,0.0,0.0,0.0,0.0
2026-03-03 02:00:00+00:00,5.55,5.85,0.0,0.0,0.0,0.0,0.0,0.0
2026-03-03 03:00:00+00:00,5.1,5.6,0.0,0.0,0.0,0.0,0.0,0.0
2026-03-03 04:00:00+00:00,4.5,5.25,0.0,0.0,0.0,0.0,0.0,0.0
2026-03-03 05:00:00+00:00,4.1,5.0,0.0,0.0,0.0,0.0,0.0,0.0
2026-03-03 06:00:00+00:00,3.9,4.35,0.0,0.0,0.0,0.0,0.0,0.0
2026-03-03 07:00:00+00:00,3.9,4.25,0.0,41.181847,0.0,0.0,0.0,0.0
2026-03-03 08:00:00+00:00,6.75,5.25,0.0,164.26218,0.0,0.0,0.0,0.0
2026-03-03 09:00:00+00:00,9.35,6.85,0.0,303.3372,0.0,0.0,0.0,0.0
2026-03-03 10:00:00+00:00,11.65,8.6,0.0,415.9404,0.0,0.0,0.0,0.0
2026-03-03 11:00:00+00:00,13.4,10.25,0.0,487.3909,0.0,0.0,0.0,0.0
2026-03-03 12:00:00+00:00,15.1,12.6,0.0,511.66318,0.0,0.0,0.0,0.0
2026-03-03 13:00:00+00:00,16.15,13.45,0.0,484.31116,0.0,0.0,0.0,0.0
2026-03-03 14:00:00+00:00,16.55,13.9,0.0,411.80563,0.0,0.0,0.0,0.0
2026-03-03 15:00:00+00:00,16.3,13.9,0.0,300.7108,0.0,0.0,0.0,0.0
2026-03-03 16:00:00+00:00,15.55,13.5,0.0,165.97713,0.0,0.0,0.0,0.0
2026-03-03 17:00:00+00:00,12.7,12.4,0.0,34.68668,0.0,0.0,0.0,0.0
2026-03-03 18:00:00+00:00,11.2,12.1,0.0,0.0,0.0,0.0,0.0,0.0
2026-03-03 19:00:00+00:00,10.7,10.9,0.0,0.0,0.0,0.0,0.0,0.0
2026-03-03 20:00:00+00:00,9.65,10.1,0.0,0.0,0.0,0.0,0.0,0.0
2026-03-03 21:00:00+00:00,8.55,9.4,0.0,0.0,0.0,0.0,0.0,0.0
2026-03-03 22:00:00+00:00,7.75,8.75,0.0,0.0,9.0,0.0,0.0,9.0
2026-03-03 23:00:00+00:00,7.4,8.25,0.0,0.0,0.0,0.0,0.0,0.0
2026-03-04 00:00:00+00:00,6.75,7.75,0.0,0.0,0.0,0.0,0.0,0.0
2026-03-04 01:00:00+00:00,6.35,7.4,0.0,0.0,0.0,0.0,0.0,0.0
2026-03-04 02:00:00+00:00,5.85,7.05,0.0,0.0,16.0,0.0,0.0,16.0
2026-03-04 03:00:00+00:00,5.4,6.75,0.0,0.0,6.0,0.0,0.0,6.0
2026-03-04 04:00:00+00:00,4.95,6.4,0.0,0.0,2.0,0.0,0.0,2.0
2026-03-04 05:00:00+00:00,4.55,6.1,2.0,0.0,65.0,0.0,0.0,65.0
2026-03-04 06:00:00+00:00,3.85,5.25,0.0,0.0,2.0,0.0,0.0,2.0
2026-03-04 07:00:00+00:00,3.75,5.1,1.0,42.080173,48.0,0.0,0.0,48.0
2026-03-04 08:00:00+00:00,5.4,5.65,3.0,165.34619,95.0,22.0,0.0,94.0
2026-03-04 09:00:00+00:00,7.5,6.85,2.0,301.14307,79.0,0.0,0.0,79.0
2026-03-04 10:00:00+00:00,9.7,8.3,1.0,414.23157,37.0,0.0,0.0,37.0
2026-03-04 11:00:00+00:00,11.95,9.9,0.0,492.31833,5.0,0.0,0.0,5.0
2026-03-04 12:00:00+00:00,13.55,11.2,0.0,514.57556,2.0,0.0,0.0,2.0
2026-03-04 13:00:00+00:00,14.95,12.4,0.0,490.21146,9.0,0.0,0.0,9.0
2026-03-04 14:00:00+00:00,15.55,13.1,1.0,417.64844,24.0,0.0,0.0,24.0
2026-03-04 15:00:00+00:00,15.65,13.35,0.0,307.3058,10.0,0.0,0.0,10.0
2026-03-04 16:00:00+00:00,15.0,13.1,0.0,171.4306,0.0,0.0,0.0,0.0
2026-03-04 17:00:00+00:00,12.45,12.15,0.0,38.58154,0.0,0.0,0.0,0.0
2026-03-04 18:00:00+00:00,11.2,11.55,0.0,0.0,0.0,0.0,0.0,0.0
2026-03-04 19:00:00+00:00,10.6,10.4,0.0,0.0,0.0,0.0,0.0,0.0
2026-03-04 20:00:00+00:00,9.75,9.55,0.0,0.0,0.0,0.0,0.0,0.0
2026-03-04 21:00:00+00:00,9.25,8.95,0.0,0.0,0.0,0.0,0.0,0.0
2026-03-04 22:00:00+00:00,8.7,8.45,0.0,0.0,0.0,0.0,0.0,0.0
2026-03-04 23:00:00+00:00,8.4,8.1,0.0,0.0,0.0,0.0,0.0,0.0
2026-03-05 00:00:00+00:00,8.05,7.4,0.0,0.0,0.0,0.0,0.0,0.0
2026-03-05 01:00:00+00:00,7.65,7.3,0.0,0.0,0.0,0.0,0.0,0.0
2026-03-05 02:00:00+00:00,7.1,7.1,0.0,0.0,0.0,0.0,0.0,0.0
2026-03-05 03:00:00+00:00,6.65,6.8,0.0,0.0,0.0,0.0,0.0,0.0
2026-03-05 04:00:00+00:00,6.3,6.55,0.0,0.0,0.0,0.0,0.0,0.0
2026-03-05 05:00:00+00:00,6.0,6.3,0.0,0.0,0.0,0.0,0.0,0.0
2026-03-05 06:00:00+00:00,5.85,5.55,0.0,0.0,0.0,0.0,0.0,0.0
2026-03-05 07:00:00+00:00,6.1,5.65,0.0,52.727425,0.0,0.0,0.0,0.0
2026-03-05 08:00:00+00:00,8.05,6.45,0.0,184.96616,1.0,0.0,0.0,1.0
2026-03-05 09:00:00+00:00,10.25,7.8,0.0,328.87833,0.0,0.0,0.0,0.0
2026-03-05 10:00:00+00:00,12.25,9.25,0.0,443.501,0.0,0.0,0.0,0.0
2026-03-05 11:00:00+00:00,13.85,10.65,0.0,515.1104,0.0,0.0,0.0,0.0
2026-03-05 12:00:00+00:00,15.9,12.35,0.0,538.66785,0.0,0.0,0.0,0.0
2026-03-05 13:00:00+00:00,16.85,13.25,0.0,511.61218,0.0,0.0,0.0,0.0
2026-03-05 14:00:00+00:00,17.3,13.8,0.0,436.43588,0.0,0.0,0.0,0.0
2026-03-05 15:00:00+00:00,17.3,13.9,0.0,321.69037,0.0,0.0,0.0,0.0
2026-03-05 16:00:00+00:00,16.35,13.65,0.0,182.21516,0.0,0.0,0.0,0.0
2026-03-05 17:00:00+00:00,13.95,12.8,0.0,43.44635,0.0,0.0,0.0,0.0
2026-03-05 18:00:00+00:00,11.9,12.6,0.0,0.0,0.0,0.0,0.0,0.0
2026-03-05 19:00:00+00:00,12.05,11.45,0.0,0.0,1.0,0.0,0.0,1.0
2026-03-05 20:00:00+00:00,11.15,10.6,0.0,0.0,16.0,0.0,0.0,16.0
2026-03-05 21:00:00+00:00,10.35,9.95,0.0,0.0,11.0,0.0,0.0,11.0
2026-03-05 22:00:00+00:00,9.8,9.4,3.0,0.0,83.0,0.0,0.0,83.0
2026-03-05 23:00:00+00:00,9.1,8.9,1.0,0.0,32.0,0.0,1.0,31.0
2026-03-06 00:00:00+00:00,8.35,8.3,0.0,0.0,0.0,0.0,0.0,0.0
2026-03-06 01:00:00+00:00,7.5,7.8,0.0,0.0,1.0,0.0,0.0,1.0
2026-03-06 02:00:00+00:00,6.95,7.4,3.0,0.0,88.0,0.0,0.0,88.0
2026-03-06 03:00:00+00:00,6.7,7.1,3.0,0.0,100.0,0.0,0.0,100.0
2026-03-06 04:00:00+00:00,6.45,6.85,3.0,0.0,99.0,0.0,0.0,99.0
2026-03-06 05:00:00+00:00,5.95,6.65,3.0,0.0,96.0,0.0,0.0,96.0
2026-03-06 06:00:00+00:00,5.6,6.45,0.0,0.0,18.0,0.0,0.0,18.0
2026-03-06 07:00:00+00:00,6.1,6.25,0.0,52.80765,1.0,0.0,0.0,1.0
2026-03-06 08:00:00+00:00,8.6,7.1,1.0,178.89989,39.0,0.0,0.0,39.0
2026-03-06 09:00:00+00:00,11.3,8.55,3.0,312.3472,97.0,0.0,0.0,97.0
2026-03-06 10:00:00+00:00,13.7,10.25,3.0,429.62076,81.0,0.0,0.0,81.0
2026-03-06 11:00:00+00:00,15.55,11.85,2.0,503.20505,59.0,0.0,0.0,59.0
2026-03-06 12:00:00+00:00,16.65,13.1,0.0,524.4236,5.0,0.0,0.0,5.0
2026-03-06 13:00:00+00:00,17.6,14.1,0.0,500.06506,13.0,0.0,0.0,13.0
2026-03-06 14:00:00+00:00,18.0,14.75,1.0,427.4818,28.0,0.0,0.0,28.0
2026-03-06 15:00:00+00:00,17.9,14.9,3.0,306.65558,100.0,0.0,77.0,99.0
2026-03-06 16:00:00+00:00,16.9,14.55,3.0,133.54636,98.0,0.0,70.0,98.0
2026-03-06 17:00:00+00:00,15.1,13.7,3.0,27.951477,98.0,0.0,81.0,98.0
2026-03-06 18:00:00+00:00,12.45,13.1,3.0,0.0,96.0,0.0,91.0,88.0
2026-03-06 19:00:00+00:00,11.75,11.85,3.0,0.0,98.0,0.0,28.0,98.0
2026-03-06 20:00:00+00:00,10.45,11.05,3.0,0.0,98.0,0.0,15.0,98.0
2026-03-06 21:00:00+00:00,8.95,10.2,2.0,0.0,66.0,0.0,48.0,40.0
2026-03-06 22:00:00+00:00,8.6,9.6,0.0,0.0,13.0,0.0,13.0,2.0
2026-03-06 23:00:00+00:00,8.05,9.05,3.0,0.0,88.0,0.0,20.0,85.0
2026-03-07 00:00:00+00:00,8.85,9.7,3.0,0.0,88.0,0.0,23.0,84.0
2026-03-07 01:00:00+00:00,7.8,9.05,1.0,0.0,45.0,0.0,8.0,39.0
2026-03-07 02:00:00+00:00,7.3,8.55,1.0,0.0,41.0,0.0,11.0,34.0
2026-03-07 03:00:00+00:00,6.95,8.1,0.0,0.0,9.0,0.0,5.0,3.0
2026-03-07 04:00:00+00:00,6.6,7.8,0.0,0.0,10.0,0.0,10.0,0.0
2026-03-07 05:00:00+00:00,6.15,7.45,0.0,0.0,14.0,0.0,13.0,2.0
2026-03-07 06:00:00+00:00,5.85,7.55,1.0,0.0,29.0,0.0,29.0,0.0
2026-03-07 07:00:00+00:00,6.25,7.3,1.0,52.85296,23.0,4.0,20.0,0.0
2026-03-07 08:00:00+00:00,7.9,7.8,1.0,178.59546,42.0,15.0,32.0,0.0
2026-03-07 09:00:00+00:00,9.6,8.9,1.0,312.5764,48.0,1.0,47.0,0.0
2026-03-07 10:00:00+00:00,11.5,10.2,3.0,421.301,100.0,0.0,42.0,100.0
2026-03-07 11:00:00+00:00,13.15,11.55,3.0,476.62006,94.0,0.0,93.0,20.0
2026-03-07 12:00:00+00:00,11.8,10.05,3.0,268.19977,100.0,0.0,100.0,100.0
2026-03-07 13:00:00+00:00,11.8,10.45,51.0,155.0825,65.0,0.0,6.0,63.0
2026-03-07 14:00:00+00:00,13.25,11.6,51.0,403.6931,100.0,0.0,19.0,100.0
2026-03-07 15:00:00+00:00,13.65,12.2,3.0,298.49512,100.0,0.0,29.0,100.0
2026-03-07 16:00:00+00:00,13.35,12.2,3.0,160.27838,100.0,0.0,34.0,100.0
2026-03-07 17:00:00+00:00,11.85,11.7,3.0,39.096344,100.0,0.0,5.0,100.0
2026-03-07 18:00:00+00:00,10.15,11.1,3.0,0.0,95.0,0.0,5.0,95.0
2026-03-07 19:00:00+00:00,9.25,10.2,0.0,0.0,3.0,0.0,1.0,2.0
2026-03-07 20:00:00+00:00,8.2,9.4,0.0,0.0,3.0,0.0,3.0,0.0
2026-03-07 21:00:00+00:00,7.4,8.75,0.0,0.0,3.0,0.0,0.0,3.0
2026-03-07 22:00:00+00:00,6.95,8.15,0.0,0.0,8.0,0.0,0.0,8.0
2026-03-07 23:00:00+00:00,6.55,7.75,2.0,0.0,52.0,0.0,0.0,52.0
2026-03-08 00:00:00+00:00,6.7,8.15,1.0,0.0,43.0,0.0,0.0,43.0
2026-03-08 01:00:00+00:00,6.4,7.75,0.0,0.0,16.0,1.0,0.0,15.0
2026-03-08 02:00:00+00:00,6.15,7.4,1.0,0.0,22.0,19.0,0.0,3.0
2026-03-08 03:00:00+00:00,5.8,7.05,0.0,0.0,12.0,12.0,0.0,0.0
2026-03-08 04:00:00+00:00,5.45,6.8,2.0,0.0,77.0,77.0,0.0,0.0
2026-03-08 05:00:00+00:00,5.4,6.65,3.0,0.0,100.0,100.0,0.0,0.0
2026-03-08 06:00:00+00:00,6.15,7.6,3.0,0.0,100.0,100.0,0.0,0.0
2026-03-08 07:00:00+00:00,6.35,7.35,3.0,33.39174,100.0,100.0,0.0,0.0
2026-03-08 08:00:00+00:00,6.95,7.6,3.0,117.522446,100.0,100.0,0.0,0.0
2026-03-08 09:00:00+00:00,8.15,8.15,3.0,203.80974,100.0,100.0,0.0,0.0
2026-03-08 10:00:00+00:00,9.95,9.25,2.0,328.2066,70.0,70.0,0.0,0.0
2026-03-08 11:00:00+00:00,12.0,10.7,1.0,483.64474,37.0,37.0,0.0,0.0
2026-03-08 12:00:00+00:00,10.95,9.25,0.0,550.3846,11.0,11.0,0.0,0.0
2026-03-08 13:00:00+00:00,12.7,11.1,0.0,530.2647,0.0,0.0,0.0,0.0
2026-03-08 14:00:00+00:00,13.65,12.25,0.0,455.8385,0.0,0.0,0.0,0.0
2026-03-08 15:00:00+00:00,14.05,12.85,0.0,340.70306,0.0,0.0,0.0,0.0
2026-03-08 16:00:00+00:00,13.85,12.8,0.0,198.79306,0.0,0.0,0.0,0.0
2026-03-08 17:00:00+00:00,11.7,11.9,0.0,55.32673,0.0,0.0,0.0,0.0
2026-03-08 18:00:00+00:00,9.15,10.65,0.0,0.0,0.0,0.0,0.0,0.0
2026-03-08 19:00:00+00:00,8.2,9.35,0.0,0.0,1.0,0.0,0.0,1.0
2026-03-08 20:00:00+00:00,7.35,8.3,1.0,0.0,28.0,0.0,0.0,28.0
2026-03-08 21:00:00+00:00,6.9,7.5,1.0,0.0,21.0,0.0,0.0,21.0
2026-03-08 22:00:00+00:00,6.4,6.85,0.0,0.0,18.0,0.0,0.0,18.0
2026-03-08 23:00:00+00:00,6.05,6.3,0.0,0.0,5.0,0.0,0.0,5.0
2026-03-09 00:00:00+00:00,4.95,4.95,0.0,0.0,0.0,0.0,0.0,0.0
2026-03-09 01:00:00+00:00,4.65,4.7,0.0,0.0,0.0,0.0,0.0,0.0
2026-03-09 02:00:00+00:00,4.35,4.5,3.0,0.0,98.0,98.0,0.0,0.0
2026-03-09 03:00:00+00:00,3.55,4.45,3.0,0.0,100.0,100.0,0.0,0.0
2026-03-09 04:00:00+00:00,2.95,4.45,3.0,0.0,100.0,100.0,0.0,0.0
2026-03-09 05:00:00+00:00,2.8,4.45,3.0,0.0,100.0,100.0,0.0,0.0
2026-03-09 06:00:00+00:00,1.65,4.35,3.0,0.0,99.0,99.0,0.0,0.0
2026-03-09 07:00:00+00:00,2.05,4.35,3.0,44.937614,100.0,100.0,0.0,0.0
2026-03-09 08:00:00+00:00,4.35,5.1,3.0,135.6935,100.0,100.0,0.0,0.0
2026-03-09 09:00:00+00:00,7.35,6.45,3.0,244.56494,98.0,98.0,0.0,0.0
2026-03-09 10:00:00+00:00,11.45,8.4,0.0,400.3538,0.0,0.0,0.0,0.0
2026-03-09 11:00:00+00:00,14.45,10.45,0.0,533.6481,0.0,0.0,0.0,0.0
2026-03-09 12:00:00+00:00,16.9,12.95,0.0,550.2532,0.0,0.0,0.0,0.0
2026-03-09 13:00:00+00:00,17.75,14.0,0.0,522.58075,19.0,9.0,13.0,0.0
2026-03-09 14:00:00+00:00,17.9,14.45,0.0,394.93787,16.0,5.0,14.0,0.0
2026-03-09 15:00:00+00:00,17.75,14.55,0.0,309.90674,10.0,2.0,9.0,0.0
2026-03-09 16:00:00+00:00,17.1,14.35,0.0,182.67107,18.0,6.0,16.0,0.0
2026-03-09 17:00:00+00:00,15.05,13.45,0.0,52.865253,13.0,6.0,12.0,0.0
2026-03-09 18:00:00+00:00,12.65,12.95,0.0,0.0,9.0,0.0,9.0,0.0
2026-03-09 19:00:00+00:00,11.45,11.4,0.0,0.0,9.0,0.0,9.0,0.0
2026-03-09 20:00:00+00:00,10.7,10.2,0.0,0.0,6.0,0.0,6.0,0.0
2026-03-09 21:00:00+00:00,9.55,9.3,0.0,0.0,1.0,0.0,1.0,0.0
2026-03-09 22:00:00+00:00,8.55,8.7,0.0,0.0,0.0,0.0,0.0,0.0
2026-03-09 23:00:00+00:00,8.5,8.3,0.0,0.0,0.0,0.0,0.0,0.0
2026-03-10 00:00:00+00:00,8.2,7.5,0.0,0.0,13.0,0.0,4.0,9.0
2026-03-10 01:00:00+00:00,7.35,7.3,2.0,0.0,56.0,19.0,13.0,42.0
2026-03-10 02:00:00+00:00,6.7,7.05,0.0,0.0,1.0,1.0,0.0,0.0
2026-03-10 03:00:00+00:00,6.9,6.85,0.0,0.0,1.0,1.0,1.0,0.0
2026-03-10 04:00:00+00:00,7.05,6.8,0.0,0.0,5.0,0.0,5.0,0.0
2026-03-10 05:00:00+00:00,7.15,6.8,1.0,0.0,32.0,0.0,31.0,0.0
2026-03-10 06:00:00+00:00,7.65,8.05,1.0,0.0,27.0,2.0,25.0,3.0
2026-03-10 07:00:00+00:00,8.45,7.85,0.0,65.43326,13.0,7.0,11.0,0.0
2026-03-10 08:00:00+00:00,10.3,8.55,53.0,202.53648,61.0,16.0,55.0,4.0
2026-03-10 09:00:00+00:00,11.0,9.4,61.0,219.1274,100.0,18.0,100.0,85.0
2026-03-10 10:00:00+00:00,11.45,9.95,51.0,217.48479,79.0,38.0,65.0,10.0
2026-03-10 11:00:00+00:00,12.05,10.6,53.0,352.03906,100.0,100.0,100.0,0.0
2026-03-10 12:00:00+00:00,13.1,10.8,53.0,117.88319,100.0,100.0,48.0,7.0
2026-03-10 13:00:00+00:00,13.65,11.55,3.0,319.98883,99.0,88.0,97.0,17.0
2026-03-10 14:00:00+00:00,11.6,11.25,51.0,101.11401,51.0,26.0,23.0,15.0
2026-03-10 15:00:00+00:00,12.05,11.25,51.0,179.60587,32.0,27.0,12.0,1.0
2026-03-10 16:00:00+00:00,12.35,11.3,51.0,162.48215,22.0,20.0,8.0,0.0
2026-03-10 17:00:00+00:00,11.3,10.9,51.0,53.774113,34.0,27.0,25.0,1.0
2026-03-10 18:00:00+00:00,9.85,10.75,0.0,0.0,5.0,5.0,0.0,0.0
2026-03-10 19:00:00+00:00,9.35,9.8,1.0,0.0,25.0,5.0,8.0,14.0
2026-03-10 20:00:00+00:00,8.85,9.25,2.0,0.0,76.0,16.0,56.0,37.0
2026-03-10 21:00:00+00:00,8.9,8.95,1.0,0.0,30.0,9.0,29.0,0.0
2026-03-10 22:00:00+00:00,8.8,8.8,51.0,0.0,16.0,1.0,16.0,0.0
2026-03-10 23:00:00+00:00,8.3,8.55,0.0,0.0,2.0,0.0,2.0,0.0
2026-03-11 00:00:00+00:00,8.1,8.7,1.0,0.0,37.0,4.0,2.0,32.0
2026-03-11 01:00:00+00:00,7.9,8.35,3.0,0.0,100.0,6.0,99.0,100.0
2026-03-11 02:00:00+00:00,9.0,8.4,3.0,0.0,100.0,6.0,96.0,91.0
2026-03-11 03:00:00+00:00,9.2,8.55,3.0,0.0,100.0,0.0,89.0,100.0
2026-03-11 04:00:00+00:00,9.2,8.6,3.0,0.0,100.0,4.0,100.0,100.0
2026-03-11 05:00:00+00:00,9.55,8.7,51.0,0.0,100.0,9.0,100.0,100.0
2026-03-11 06:00:00+00:00,9.55,9.35,51.0,0.0,100.0,11.0,100.0,100.0
2026-03-11 07:00:00+00:00,9.6,9.15,51.0,14.405906,100.0,100.0,100.0,100.0
2026-03-11 08:00:00+00:00,9.3,9.1,55.0,31.017094,100.0,94.0,100.0,100.0
2026-03-11 09:00:00+00:00,9.75,9.1,51.0,57.566727,100.0,100.0,100.0,100.0
2026-03-11 10:00:00+00:00,9.5,9.15,55.0,52.65453,100.0,100.0,100.0,100.0
2026-03-11 11:00:00+00:00,9.8,9.2,53.0,40.835133,100.0,100.0,99.0,100.0
2026-03-11 12:00:00+00:00,10.15,9.6,51.0,99.72342,100.0,59.0,88.0,100.0
2026-03-11 13:00:00+00:00,11.1,10.05,51.0,226.92911,100.0,17.0,30.0,100.0
2026-03-11 14:00:00+00:00,11.2,10.4,51.0,256.1847,84.0,20.0,23.0,74.0
2026-03-11 15:00:00+00:00,11.4,10.8,0.0,306.4882,13.0,9.0,5.0,0.0
2026-03-11 16:00:00+00:00,10.9,10.75,0.0,188.15158,10.0,8.0,3.0,0.0
2026-03-11 17:00:00+00:00,9.95,10.25,0.0,62.679005,9.0,9.0,3.0,0.0
2026-03-11 18:00:00+00:00,8.15,9.95,0.0,0.0,12.0,2.0,11.0,0.0
2026-03-11 19:00:00+00:00,7.55,8.95,0.0,0.0,5.0,5.0,2.0,0.0
2026-03-11 20:00:00+00:00,6.9,8.15,0.0,0.0,2.0,2.0,2.0,0.0
2026-03-11 21:00:00+00:00,6.5,7.6,1.0,0.0,22.0,16.0,13.0,0.0
2026-03-11 22:00:00+00:00,6.35,7.3,1.0,0.0,25.0,25.0,1.0,0.0
2026-03-11 23:00:00+00:00,6.0,7.0,0.0,0.0,1.0,1.0,0.0,0.0
2026-03-12 00:00:00+00:00,5.5,6.2,0.0,0.0,7.0,7.0,0.0,0.0
2026-03-12 01:00:00+00:00,5.15,6.05,1.0,0.0,21.0,21.0,0.0,0.0
2026-03-12 02:00:00+00:00,5.1,5.95,0.0,0.0,12.0,12.0,0.0,0.0
2026-03-12 03:00:00+00:00,4.9,5.8,0.0,0.0,0.0,0.0,0.0,0.0
2026-03-12 04:00:00+00:00,4.7,5.65,0.0,0.0,0.0,0.0,0.0,0.0
2026-03-12 05:00:00+00:00,4.4,5.45,0.0,0.0,0.0,0.0,0.0,0.0
2026-03-12 06:00:00+00:00,4.95,5.8,0.0,0.0,0.0,0.0,0.0,0.0
2026-03-12 07:00:00+00:00,5.7,5.85,0.0,78.03308,17.0,9.0,0.0,9.0
2026-03-12 08:00:00+00:00,7.3,6.55,1.0,212.80583,20.0,17.0,0.0,2.0
2026-03-12 09:00:00+00:00,8.6,7.45,1.0,353.8396,41.0,30.0,0.0,14.0
2026-03-12 10:00:00+00:00,9.8,8.45,3.0,429.4594,91.0,47.0,0.0,82.0
2026-03-12 11:00:00+00:00,10.5,9.25,3.0,456.2231,100.0,98.0,0.0,93.0
2026-03-12 12:00:00+00:00,11.6,9.7,3.0,383.6926,100.0,100.0,0.0,98.0
2026-03-12 13:00:00+00:00,11.55,10.0,3.0,246.35371,100.0,100.0,2.0,94.0
2026-03-12 14:00:00+00:00,11.9,10.2,3.0,198.75131,99.0,52.0,0.0,98.0
2026-03-12 15:00:00+00:00,11.85,10.4,3.0,237.85466,98.0,38.0,0.0,98.0
2026-03-12 16:00:00+00:00,11.8,10.4,3.0,159.91382,98.0,5.0,0.0,98.0
2026-03-12 17:00:00+00:00,11.1,10.05,3.0,64.1176,99.0,1.0,0.0,99.0
2026-03-12 18:00:00+00:00,10.3,9.9,2.0,0.0,78.0,6.0,1.0,77.0
2026-03-12 19:00:00+00:00,10.1,9.4,3.0,0.0,100.0,2.0,1.0,100.0
2026-03-12 20:00:00+00:00,9.8,9.1,3.0,0.0,100.0,27.0,0.0,100.0
2026-03-12 21:00:00+00:00,9.8,8.9,3.0,0.0,100.0,54.0,5.0,99.0
2026-03-12 22:00:00+00:00,9.65,8.8,3.0,0.0,100.0,23.0,1.0,99.0
2026-03-12 23:00:00+00:00,9.45,8.65,3.0,0.0,98.0,16.0,0.0,98.0
2026-03-13 00:00:00+00:00,9.7,9.25,3.0,0.0,100.0,18.0,1.0,99.0
2026-03-13 01:00:00+00:00,9.7,9.0,3.0,0.0,100.0,100.0,0.0,100.0
2026-03-13 02:00:00+00:00,10.0,9.05,3.0,0.0,100.0,100.0,2.0,100.0
2026-03-13 03:00:00+00:00,10.35,9.15,3.0,0.0,100.0,100.0,5.0,100.0
2026-03-13 04:00:00+00:00,10.4,9.25,3.0,0.0,100.0,100.0,31.0,100.0
2026-03-13 05:00:00+00:00,10.55,9.3,3.0,0.0,100.0,100.0,47.0,100.0
2026-03-13 06:00:00+00:00,9.35,9.4,3.0,0.0,100.0,100.0,100.0,100.0
2026-03-13 07:00:00+00:00,9.85,9.2,51.0,17.582863,100.0,100.0,100.0,100.0
2026-03-13 08:00:00+00:00,10.3,9.25,51.0,47.835564,100.0,100.0,100.0,100.0
2026-03-13 09:00:00+00:00,9.6,9.3,61.0,44.405773,100.0,100.0,100.0,100.0
2026-03-13 10:00:00+00:00,7.95,8.85,61.0,42.67299,100.0,42.0,100.0,100.0
2026-03-13 11:00:00+00:00,7.45,8.25,53.0,88.88634,100.0,1.0,100.0,100.0
2026-03-13 12:00:00+00:00,7.05,7.8,51.0,118.80571,100.0,12.0,100.0,100.0
2026-03-13 13:00:00+00:00,7.0,7.65,53.0,82.45047,100.0,3.0,100.0,100.0
2026-03-13 14:00:00+00:00,6.95,7.45,53.0,90.13919,100.0,1.0,100.0,100.0
2026-03-13 15:00:00+00:00,7.0,7.4,3.0,79.68982,100.0,9.0,100.0,100.0
2026-03-13 16:00:00+00:00,7.3,7.6,3.0,84.99267,100.0,11.0,100.0,100.0
2026-03-13 17:00:00+00:00,6.8,7.5,3.0,20.320496,100.0,32.0,100.0,100.0
2026-03-13 18:00:00+00:00,5.6,7.35,51.0,0.0,100.0,20.0,100.0,100.0
2026-03-13 19:00:00+00:00,5.55,6.85,51.0,0.0,100.0,1.0,100.0,100.0
2026-03-13 20:00:00+00:00,5.3,6.45,51.0,0.0,100.0,0.0,100.0,100.0
2026-03-13 21:00:00+00:00,5.05,6.15,51.0,0.0,100.0,0.0,100.0,100.0
2026-03-13 22:00:00+00:00,4.8,5.9,3.0,0.0,100.0,1.0,99.0,100.0
2026-03-13 23:00:00+00:00,4.45,5.65,3.0,0.0,100.0,3.0,95.0,100.0
2026-03-14 00:00:00+00:00,4.35,5.65,3.0,0.0,100.0,2.0,100.0,100.0
2026-03-14 01:00:00+00:00,4.35,5.55,51.0,0.0,100.0,73.0,100.0,99.0
2026-03-14 02:00:00+00:00,4.2,5.45,51.0,0.0,100.0,91.0,100.0,86.0
2026-03-14 03:00:00+00:00,4.25,5.35,51.0,0.0,100.0,91.0,100.0,92.0
2026-03-14 04:00:00+00:00,4.25,5.25,51.0,0.0,100.0,100.0,100.0,100.0
2026-03-14 05:00:00+00:00,4.3,5.2,53.0,0.0,100.0,100.0,100.0,100.0
2026-03-14 06:00:00+00:00,4.3,5.45,53.0,0.0,100.0,81.0,100.0,100.0
2026-03-14 07:00:00+00:00,4.4,5.3,53.0,21.083893,100.0,52.0,100.0,100.0
2026-03-14 08:00:00+00:00,4.75,5.35,53.0,69.94039,100.0,15.0,100.0,100.0
2026-03-14 09:00:00+00:00,5.8,5.75,51.0,160.85089,100.0,11.0,100.0,100.0
2026-03-14 10:00:00+00:00,7.1,6.65,51.0,311.4562,100.0,4.0,100.0,100.0
2026-03-14 11:00:00+00:00,8.25,7.6,51.0,414.89328,100.0,13.0,97.0,100.0
2026-03-14 12:00:00+00:00,7.6,8.1,53.0,432.83423,100.0,17.0,93.0,100.0
2026-03-14 13:00:00+00:00,8.15,8.6,51.0,421.998,100.0,15.0,94.0,100.0
2026-03-14 14:00:00+00:00,7.45,8.35,53.0,355.17715,100.0,16.0,84.0,100.0
2026-03-14 15:00:00+00:00,7.05,8.35,51.0,270.09366,98.0,42.0,57.0,96.0
2026-03-14 16:00:00+00:00,7.1,7.95,51.0,136.66113,85.0,35.0,45.0,73.0
2026-03-14 17:00:00+00:00,6.05,7.35,51.0,54.677296,73.0,38.0,30.0,51.0
2026-03-14 18:00:00+00:00,4.95,7.1,51.0,0.0,78.0,17.0,61.0,66.0
2026-03-14 19:00:00+00:00,4.35,6.2,0.0,0.0,12.0,2.0,9.0,1.0
2026-03-14 20:00:00+00:00,3.15,5.3,0.0,0.0,4.0,3.0,1.0,0.0
2026-03-14 21:00:00+00:00,2.65,4.6,0.0,0.0,19.0,18.0,2.0,0.0
2026-03-14 22:00:00+00:00,2.15,4.1,0.0,0.0,16.0,16.0,0.0,0.0
2026-03-14 23:00:00+00:00,2.0,3.7,0.0,0.0,17.0,17.0,0.0,0.0
2026-03-15 00:00:00+00:00,3.05,4.0,1.0,0.0,23.0,22.0,10.0,0.0
2026-03-15 01:00:00+00:00,2.4,3.75,0.0,0.0,5.0,5.0,0.0,0.0
2026-03-15 02:00:00+00:00,1.7,3.35,0.0,0.0,2.0,2.0,0.0,0.0
2026-03-15 03:00:00+00:00,1.15,2.9,0.0,0.0,0.0,0.0,0.0,0.0
2026-03-15 04:00:00+00:00,0.9,2.5,0.0,0.0,1.0,1.0,0.0,0.0
2026-03-15 05:00:00+00:00,0.65,2.15,1.0,0.0,32.0,3.0,0.0,30.0
2026-03-15 06:00:00+00:00,0.55,0.95,0.0,0.0,15.0,0.0,0.0,15.0
2026-03-15 07:00:00+00:00,1.75,1.45,0.0,93.1881,2.0,0.0,0.0,2.0
2026-03-15 08:00:00+00:00,4.35,2.9,0.0,242.52881,0.0,0.0,0.0,0.0
2026-03-15 09:00:00+00:00,6.95,4.7,0.0,390.66464,1.0,0.0,0.0,1.0
2026-03-15 10:00:00+00:00,8.45,6.4,0.0,508.64307,0.0,0.0,0.0,0.0
2026-03-15 11:00:00+00:00,9.35,7.75,0.0,582.793,0.0,0.0,0.0,0.0
2026-03-15 12:00:00+00:00,10.6,8.8,1.0,605.8269,34.0,34.0,0.0,0.0
2026-03-15 13:00:00+00:00,10.85,9.5,0.0,543.3181,4.0,4.0,0.0,0.0
2026-03-15 14:00:00+00:00,11.05,9.9,0.0,490.25934,2.0,2.0,0.0,0.0
2026-03-15 15:00:00+00:00,10.95,9.95,1.0,374.95416,38.0,38.0,0.0,0.0
2026-03-15 16:00:00+00:00,10.55,9.55,2.0,176.8021,76.0,74.0,54.0,0.0
2026-03-15 17:00:00+00:00,9.6,8.95,1.0,66.81088,23.0,0.0,1.0,23.0
2026-03-15 18:00:00+00:00,8.05,8.65,3.0,0.0,100.0,0.0,3.0,100.0
2026-03-15 19:00:00+00:00,7.85,7.9,3.0,0.0,100.0,0.0,100.0,100.0
2026-03-15 20:00:00+00:00,8.5,7.7,3.0,0.0,100.0,9.0,43.0,100.0
2026-03-15 21:00:00+00:00,7.7,7.4,53.0,0.0,100.0,9.0,100.0,66.0
2026-03-15 22:00:00+00:00,6.75,6.75,61.0,0.0,100.0,100.0,98.0,0.0
2026-03-15 23:00:00+00:00,7.35,6.6,51.0,0.0,100.0,100.0,73.0,4.0
2026-03-16 00:00:00+00:00,7.55,7.75,51.0,0.0,100.0,100.0,46.0,0.0
2026-03-16 01:00:00+00:00,6.7,7.25,55.0,0.0,100.0,100.0,60.0,0.0
2026-03-16 02:00:00+00:00,6.4,6.85,53.0,0.0,76.0,27.0,67.0,0.0
2026-03-16 03:00:00+00:00,5.7,6.4,55.0,0.0,99.0,98.0,25.0,0.0
2026-03-16 04:00:00+00:00,5.5,6.15,53.0,0.0,93.0,88.0,46.0,0.0
2026-03-16 05:00:00+00:00,4.65,5.7,53.0,0.0,57.0,48.0,19.0,0.0
2026-03-16 06:00:00+00:00,3.9,6.3,1.0,0.0,43.0,25.0,27.0,0.0
2026-03-16 07:00:00+00:00,5.25,5.9,1.0,70.204834,35.0,17.0,23.0,0.0
2026-03-16 08:00:00+00:00,6.6,6.15,51.0,184.99005,44.0,30.0,19.0,0.0
2026-03-16 09:00:00+00:00,7.9,6.9,51.0,314.33032,16.0,11.0,14.0,0.0
2026-03-16 10:00:00+00:00,9.0,7.9,1.0,468.79453,27.0,15.0,16.0,0.0
2026-03-16 11:00:00+00:00,9.35,8.7,1.0,499.9823,41.0,31.0,30.0,0.0
2026-03-16 12:00:00+00:00,9.0,8.7,51.0,505.0751,42.0,23.0,30.0,2.0
2026-03-16 13:00:00+00:00,9.65,9.1,51.0,470.59952,68.0,37.0,36.0,26.0
2026-03-16 14:00:00+00:00,9.65,9.15,53.0,382.54736,59.0,41.0,35.0,7.0
2026-03-16 15:00:00+00:00,9.85,9.1,51.0,291.91708,58.0,30.0,35.0,13.0
2026-03-16 16:00:00+00:00,9.85,9.1,1.0,182.19931,41.0,16.0,33.0,1.0
2026-03-16 17:00:00+00:00,9.0,8.75,3.0,65.56329,84.0,26.0,77.0,12.0
2026-03-16 18:00:00+00:00,7.35,8.4,3.0,0.0,88.0,30.0,34.0,74.0
2026-03-16 19:00:00+00:00,6.1,7.4,3.0,0.0,100.0,27.0,96.0,90.0
2026-03-16 20:00:00+00:00,6.7,6.9,3.0,0.0,100.0,20.0,100.0,79.0
2026-03-16 21:00:00+00:00,7.05,6.8,3.0,0.0,100.0,4.0,100.0,84.0
2026-03-16 22:00:00+00:00,7.1,6.75,3.0,0.0,92.0,5.0,24.0,89.0
2026-03-16 23:00:00+00:00,6.4,6.5,3.0,0.0,98.0,16.0,97.0,41.0
2026-03-17 00:00:00+00:00,7.5,7.75,3.0,0.0,100.0,2.0,100.0,13.0
2026-03-17 01:00:00+00:00,8.1,7.6,3.0,0.0,100.0,100.0,100.0,7.0
2026-03-17 02:00:00+00:00,8.55,7.7,3.0,0.0,100.0,100.0,95.0,27.0
2026-03-17 03:00:00+00:00,8.7,7.75,3.0,0.0,100.0,100.0,18.0,4.0
2026-03-17 04:00:00+00:00,8.8,7.85,3.0,0.0,100.0,100.0,23.0,16.0
2026-03-17 05:00:00+00:00,8.9,7.95,3.0,0.0,100.0,100.0,100.0,79.0
2026-03-17 06:00:00+00:00,9.05,8.35,3.0,0.0,100.0,100.0,99.0,100.0
2026-03-17 07:00:00+00:00,9.25,8.35,3.0,15.07361,100.0,100.0,96.0,100.0
2026-03-17 08:00:00+00:00,9.8,8.55,3.0,60.862427,100.0,100.0,100.0,98.0
2026-03-17 09:00:00+00:00,10.8,9.1,3.0,148.11884,96.0,55.0,84.0,52.0
2026-03-17 10:00:00+00:00,12.4,10.1,2.0,359.3576,76.0,9.0,40.0,59.0
2026-03-17 11:00:00+00:00,13.7,11.3,3.0,526.81085,100.0,100.0,100.0,89.0
2026-03-17 12:00:00+00:00,13.85,11.95,3.0,307.80487,100.0,100.0,0.0,58.0
2026-03-17 13:00:00+00:00,14.5,12.35,3.0,336.72977,91.0,74.0,0.0,66.0
2026-03-17 14:00:00+00:00,14.95,12.65,3.0,311.03772,100.0,99.0,0.0,88.0
2026-03-17 15:00:00+00:00,15.0,12.8,3.0,246.5107,99.0,98.0,0.0,70.0
2026-03-17 16:00:00+00:00,14.75,12.7,3.0,146.09612,100.0,47.0,0.0,100.0
2026-03-17 17:00:00+00:00,13.8,12.3,2.0,65.99926,52.0,3.0,0.0,50.0
2026-03-17 18:00:00+00:00,11.15,11.95,2.0,0.0,55.0,0.0,0.0,55.0
2026-03-17 19:00:00+00:00,10.75,10.8,3.0,0.0,98.0,0.0,0.0,98.0
2026-03-17 20:00:00+00:00,10.3,10.05,3.0,0.0,97.0,0.0,0.0,97.0
2026-03-17 21:00:00+00:00,9.85,9.6,3.0,0.0,100.0,0.0,0.0,100.0
2026-03-17 22:00:00+00:00,9.45,9.25,3.0,0.0,100.0,0.0,0.0,100.0
2026-03-17 23:00:00+00:00,9.0,8.95,3.0,0.0,95.0,0.0,0.0,95.0
2026-03-18 00:00:00+00:00,8.7,8.95,0.0,0.0,0.0,0.0,0.0,0.0
2026-03-18 01:00:00+00:00,8.25,8.55,0.0,0.0,0.0,0.0,0.0,0.0
2026-03-18 02:00:00+00:00,7.6,8.2,1.0,0.0,23.0,0.0,0.0,23.0
2026-03-18 03:00:00+00:00,7.1,7.9,1.0,0.0,23.0,0.0,2.0,21.0
2026-03-18 04:00:00+00:00,6.75,7.55,0.0,0.0,9.0,0.0,0.0,9.0
2026-03-18 05:00:00+00:00,6.3,7.25,0.0,0.0,7.0,4.0,2.0,3.0
2026-03-18 06:00:00+00:00,5.95,6.45,0.0,0.0,15.0,1.0,14.0,0.0
2026-03-18 07:00:00+00:00,7.15,6.8,0.0,96.82547,8.0,3.0,8.0,0.0
2026-03-18 08:00:00+00:00,9.25,7.75,0.0,245.92033,0.0,0.0,0.0,0.0
2026-03-18 09:00:00+00:00,11.0,9.0,0.0,404.0944,0.0,0.0,0.0,0.0
2026-03-18 10:00:00+00:00,12.0,10.15,0.0,529.7276,0.0,0.0,0.0,0.0
2026-03-18 11:00:00+00:00,12.9,11.2,0.0,604.7012,0.0,0.0,0.0,0.0
2026-03-18 12:00:00+00:00,14.1,12.4,0.0,625.5297,0.0,0.0,0.0,0.0
2026-03-18 13:00:00+00:00,14.7,13.0,0.0,597.82495,0.0,0.0,0.0,0.0
2026-03-18 14:00:00+00:00,14.95,13.35,0.0,521.7617,0.0,0.0,0.0,0.0
2026-03-18 15:00:00+00:00,14.55,13.3,0.0,401.962,2.0,0.0,0.0,2.0
2026-03-18 16:00:00+00:00,13.7,12.9,0.0,252.30417,0.0,0.0,0.0,0.0
2026-03-18 17:00:00+00:00,12.2,12.1,0.0,97.090996,0.0,0.0,0.0,0.0
2026-03-18 18:00:00+00:00,10.6,11.7,0.0,0.0,0.0,0.0,0.0,0.0
2026-03-18 19:00:00+00:00,9.9,10.5,0.0,0.0,0.0,0.0,0.0,0.0
2026-03-18 20:00:00+00:00,9.25,9.75,0.0,0.0,13.0,0.0,0.0,13.0
2026-03-18 21:00:00+00:00,8.55,9.05,2.0,0.0,56.0,0.0,0.0,56.0
2026-03-18 22:00:00+00:00,7.7,8.5,1.0,0.0,23.0,0.0,0.0,23.0
2026-03-18 23:00:00+00:00,6.9,7.9,0.0,0.0,13.0,0.0,0.0,13.0
2026-03-19 00:00:00+00:00,6.2,7.15,0.0,0.0,9.0,0.0,0.0,9.0
2026-03-19 01:00:00+00:00,5.65,6.65,0.0,0.0,3.0,0.0,0.0,3.0
2026-03-19 02:00:00+00:00,4.75,6.2,0.0,0.0,2.0,0.0,0.0,2.0
2026-03-19 03:00:00+00:00,4.15,5.75,0.0,0.0,0.0,0.0,0.0,0.0
2026-03-19 04:00:00+00:00,3.85,5.35,0.0,0.0,0.0,0.0,0.0,0.0
2026-03-19 05:00:00+00:00,3.4,5.0,0.0,0.0,3.0,0.0,0.0,3.0
2026-03-19 06:00:00+00:00,2.3,4.0,1.0,15.283849,25.0,0.0,0.0,25.0
2026-03-19 07:00:00+00:00,4.15,4.4,0.0,117.26049,15.0,0.0,0.0,15.0
2026-03-19 08:00:00+00:00,6.65,5.7,0.0,272.74808,15.0,0.0,0.0,15.0
2026-03-19 09:00:00+00:00,9.2,7.35,1.0,420.48746,20.0,0.0,0.0,20.0
2026-03-19 10:00:00+00:00,11.6,9.1,3.0,534.579,88.0,0.0,0.0,88.0
2026-03-19 11:00:00+00:00,13.45,10.75,1.0,573.0998,25.0,0.0,0.0,25.0
2026-03-19 12:00:00+00:00,15.3,12.55,0.0,616.3445,3.0,0.0,0.0,3.0
2026-03-19 13:00:00+00:00,15.65,13.35,0.0,599.8217,0.0,0.0,0.0,0.0
2026-03-19 14:00:00+00:00,15.75,13.8,0.0,520.1537,0.0,0.0,0.0,0.0
2026-03-19 15:00:00+00:00,15.45,13.85,1.0,400.68637,33.0,0.0,0.0,33.0
2026-03-19 16:00:00+00:00,14.75,13.4,0.0,252.30295,0.0,0.0,0.0,0.0
2026-03-19 17:00:00+00:00,12.9,12.6,0.0,99.69066,18.0,0.0,0.0,18.0
2026-03-19 18:00:00+00:00,10.05,12.3,3.0,0.0,100.0,0.0,0.0,100.0
2026-03-19 19:00:00+00:00,10.4,10.9,3.0,0.0,95.0,0.0,0.0,95.0
2026-03-19 20:00:00+00:00,9.25,9.9,3.0,0.0,97.0,0.0,0.0,97.0
2026-03-19 21:00:00+00:00,8.1,8.95,3.0,0.0,100.0,0.0,1.0,100.0
2026-03-19 22:00:00+00:00,7.3,8.25,2.0,0.0,56.0,0.0,11.0,51.0
2026-03-19 23:00:00+00:00,6.55,7.65,3.0,0.0,100.0,0.0,0.0,100.0
2026-03-20 00:00:00+00:00,6.1,7.7,0.0,0.0,16.0,0.0,16.0,1.0
2026-03-20 01:00:00+00:00,5.95,7.15,1.0,0.0,39.0,0.0,39.0,0.0
2026-03-20 02:00:00+00:00,5.5,6.75,0.0,0.0,0.0,0.0,0.0,0.0
2026-03-20 03:00:00+00:00,4.9,6.35,2.0,0.0,77.0,0.0,77.0,0.0
2026-03-20 04:00:00+00:00,4.45,6.0,0.0,0.0,19.0,0.0,9.0,10.0
2026-03-20 05:00:00+00:00,4.1,5.6,3.0,0.0,94.0,7.0,18.0,92.0
2026-03-20 06:00:00+00:00,3.85,5.8,3.0,11.8521805,95.0,0.0,23.0,93.0
2026-03-20 07:00:00+00:00,5.45,6.0,3.0,93.546104,100.0,0.0,100.0,70.0
2026-03-20 08:00:00+00:00,6.7,6.65,3.0,166.8712,97.0,5.0,89.0,74.0
2026-03-20 09:00:00+00:00,8.45,7.75,3.0,336.8244,100.0,1.0,36.0,100.0
2026-03-20 10:00:00+00:00,10.25,9.1,3.0,466.71384,100.0,0.0,6.0,100.0
2026-03-20 11:00:00+00:00,11.7,10.45,3.0,540.4999,95.0,0.0,0.0,95.0
2026-03-20 12:00:00+00:00,12.95,11.75,3.0,600.1297,97.0,0.0,0.0,97.0
2026-03-20 13:00:00+00:00,13.45,12.55,3.0,581.43365,96.0,0.0,0.0,96.0
2026-03-20 14:00:00+00:00,13.4,12.9,3.0,508.27948,100.0,0.0,0.0,100.0
2026-03-20 15:00:00+00:00,13.05,12.85,3.0,381.72256,83.0,0.0,0.0,83.0
2026-03-20 16:00:00+00:00,12.5,12.45,3.0,240.1828,90.0,2.0,0.0,89.0
2026-03-20 17:00:00+00:00,11.25,11.6,3.0,95.946594,97.0,0.0,0.0,97.0
2026-03-20 18:00:00+00:00,9.15,11.2,3.0,0.0,82.0,0.0,0.0,82.0
2026-03-20 19:00:00+00:00,7.85,9.85,0.0,0.0,0.0,0.0,0.0,0.0
2026-03-20 20:00:00+00:00,6.8,8.8,1.0,0.0,30.0,0.0,0.0,30.0
2026-03-20 21:00:00+00:00,5.95,7.95,3.0,0.0,82.0,0.0,0.0,82.0
2026-03-20 22:00:00+00:00,5.35,7.25,3.0,0.0,100.0,0.0,0.0,100.0
2026-03-20 23:00:00+00:00,4.8,6.7,3.0,0.0,100.0,0.0,0.0,100.0
2026-03-21 00:00:00+00:00,4.6,6.6,3.0,0.0,85.0,0.0,0.0,85.0
2026-03-21 01:00:00+00:00,3.95,6.05,2.0,0.0,70.0,0.0,0.0,70.0
2026-03-21 02:00:00+00:00,3.5,5.6,0.0,0.0,2.0,0.0,0.0,2.0
2026-03-21 03:00:00+00:00,3.15,5.2,0.0,0.0,0.0,0.0,0.0,0.0
2026-03-21 04:00:00+00:00,2.8,4.85,0.0,0.0,0.0,0.0,0.0,0.0
2026-03-21 05:00:00+00:00,2.5,4.6,0.0,0.0,0.0,0.0,0.0,0.0
2026-03-21 06:00:00+00:00,2.05,4.3,0.0,9.688446,5.0,0.0,0.0,5.0
2026-03-21 07:00:00+00:00,3.1,4.45,0.0,123.58558,8.0,2.0,0.0,6.0
2026-03-21 08:00:00+00:00,4.8,5.35,0.0,277.57825,2.0,2.0,0.0,0.0
2026-03-21 09:00:00+00:00,6.85,6.65,0.0,424.46637,0.0,0.0,0.0,0.0
2026-03-21 10:00:00+00:00,8.85,8.15,0.0,537.78894,0.0,0.0,0.0,0.0
2026-03-21 11:00:00+00:00,10.75,9.65,0.0,608.9065,0.0,0.0,0.0,0.0
2026-03-21 12:00:00+00:00,10.7,9.7,0.0,628.14624,0.0,0.0,0.0,0.0
2026-03-21 13:00:00+00:00,11.75,10.9,0.0,597.01843,0.0,0.0,0.0,0.0
2026-03-21 14:00:00+00:00,12.2,11.55,0.0,518.78235,0.0,0.0,0.0,0.0
2026-03-21 15:00:00+00:00,12.3,11.8,0.0,400.74225,0.0,0.0,0.0,0.0
2026-03-21 16:00:00+00:00,11.95,11.55,0.0,256.25647,0.0,0.0,0.0,0.0
2026-03-21 17:00:00+00:00,10.9,10.9,0.0,104.79753,7.0,7.0,0.0,0.0
2026-03-21 18:00:00+00:00,8.8,10.15,0.0,0.0,0.0,0.0,0.0,0.0
2026-03-21 19:00:00+00:00,7.7,8.9,0.0,0.0,0.0,0.0,0.0,0.0
2026-03-21 20:00:00+00:00,6.85,8.05,0.0,0.0,0.0,0.0,0.0,0.0
2026-03-21 21:00:00+00:00,6.1,7.4,0.0,0.0,0.0,0.0,0.0,0.0
2026-03-21 22:00:00+00:00,5.05,6.8,0.0,0.0,0.0,0.0,0.0,0.0
2026-03-21 23:00:00+00:00,4.2,6.2,0.0,0.0,7.0,7.0,0.0,0.0
2026-03-22 00:00:00+00:00,3.55,5.2,0.0,0.0,0.0,0.0,0.0,0.0
2026-03-22 01:00:00+00:00,3.25,4.95,0.0,0.0,0.0,0.0,0.0,0.0
2026-03-22 02:00:00+00:00,3.05,4.75,0.0,0.0,11.0,11.0,0.0,0.0
2026-03-22 03:00:00+00:00,3.0,4.5,2.0,0.0,63.0,63.0,7.0,0.0
2026-03-22 04:00:00+00:00,3.45,4.5,1.0,0.0,20.0,20.0,1.0,0.0
2026-03-22 05:00:00+00:00,3.15,4.35,0.0,0.0,2.0,2.0,0.0,0.0
2026-03-22 06:00:00+00:00,2.7,3.9,0.0,16.400103,0.0,0.0,0.0,0.0
2026-03-22 07:00:00+00:00,3.95,4.3,0.0,129.30595,0.0,0.0,0.0,0.0
2026-03-22 08:00:00+00:00,6.1,5.4,0.0,286.34952,0.0,0.0,0.0,0.0
2026-03-22 09:00:00+00:00,8.3,6.9,0.0,433.92603,0.0,0.0,0.0,0.0
2026-03-22 10:00:00+00:00,10.4,8.55,0.0,548.07654,0.0,0.0,0.0,0.0
2026-03-22 11:00:00+00:00,11.95,10.05,0.0,617.95044,0.0,0.0,0.0,0.0
2026-03-22 12:00:00+00:00,13.0,11.3,0.0,638.0682,0.0,0.0,0.0,0.0
2026-03-22 13:00:00+00:00,13.75,12.3,0.0,608.72217,0.0,0.0,0.0,0.0
2026-03-22 14:00:00+00:00,14.2,12.9,0.0,531.15717,0.0,0.0,0.0,0.0
2026-03-22 15:00:00+00:00,14.15,13.0,0.0,411.82272,0.0,0.0,0.0,0.0
2026-03-22 16:00:00+00:00,13.85,12.75,0.0,264.29022,0.0,0.0,0.0,0.0
2026-03-22 17:00:00+00:00,12.3,12.0,0.0,110.540215,0.0,0.0,0.0,0.0
2026-03-22 18:00:00+00:00,9.5,11.4,0.0,0.0,0.0,0.0,0.0,0.0
2026-03-22 19:00:00+00:00,8.6,9.9,0.0,0.0,0.0,0.0,0.0,0.0
2026-03-22 20:00:00+00:00,7.25,8.7,0.0,0.0,0.0,0.0,0.0,0.0
2026-03-22 21:00:00+00:00,7.05,7.85,0.0,0.0,0.0,0.0,0.0,0.0
2026-03-22 22:00:00+00:00,6.45,7.35,0.0,0.0,1.0,0.0,1.0,0.0
2026-03-22 23:00:00+00:00,5.25,6.7,0.0,0.0,0.0,0.0,0.0,0.0
2026-03-23 00:00:00+00:00,4.55,5.7,3.0,0.0,100.0,0.0,0.0,100.0
2026-03-23 01:00:00+00:00,4.15,5.35,3.0,0.0,100.0,0.0,0.0,100.0
2026-03-23 02:00:00+00:00,4.0,5.15,3.0,0.0,100.0,0.0,0.0,100.0
2026-03-23 03:00:00+00:00,4.15,5.05,3.0,0.0,100.0,0.0,2.0,100.0
2026-03-23 04:00:00+00:00,3.8,4.9,3.0,0.0,100.0,0.0,100.0,100.0
2026-03-23 05:00:00+00:00,3.95,4.75,2.0,0.0,72.0,0.0,2.0,72.0
2026-03-23 06:00:00+00:00,2.9,3.5,0.0,21.342386,0.0,0.0,0.0,0.0
2026-03-23 07:00:00+00:00,4.8,4.15,0.0,134.9716,0.0,0.0,0.0,0.0
2026-03-23 08:00:00+00:00,7.35,5.7,3.0,291.3259,100.0,0.0,0.0,100.0
2026-03-23 09:00:00+00:00,9.7,7.5,3.0,433.09082,100.0,0.0,0.0,100.0
2026-03-23 10:00:00+00:00,11.45,9.1,3.0,481.5299,100.0,0.0,0.0,100.0
2026-03-23 11:00:00+00:00,12.8,10.65,3.0,538.611,100.0,0.0,0.0,100.0
2026-03-23 12:00:00+00:00,13.6,11.95,3.0,487.24783,100.0,0.0,0.0,100.0
2026-03-23 13:00:00+00:00,14.25,12.75,3.0,487.40936,100.0,0.0,29.0,100.0
2026-03-23 14:00:00+00:00,14.25,13.0,3.0,395.97983,100.0,2.0,27.0,100.0
2026-03-23 15:00:00+00:00,13.85,12.95,3.0,331.59515,100.0,0.0,0.0,100.0
2026-03-23 16:00:00+00:00,13.25,12.65,3.0,248.76779,100.0,0.0,1.0,100.0
2026-03-23 17:00:00+00:00,11.8,11.85,3.0,107.83303,100.0,0.0,3.0,100.0
2026-03-23 18:00:00+00:00,9.3,11.7,3.0,0.0,100.0,0.0,0.0,100.0
2026-03-23 19:00:00+00:00,7.45,9.9,3.0,0.0,100.0,0.0,0.0,100.0
2026-03-23 20:00:00+00:00,6.45,8.45,3.0,0.0,100.0,0.0,2.0,100.0
2026-03-23 21:00:00+00:00,5.65,7.45,3.0,0.0,100.0,0.0,11.0,100.0
2026-03-23 22:00:00+00:00,6.35,7.0,3.0,0.0,100.0,0.0,15.0,100.0
2026-03-23 23:00:00+00:00,6.55,6.75,3.0,0.0,100.0,0.0,44.0,100.0
2026-03-24 00:00:00+00:00,6.7,6.3,3.0,0.0,100.0,0.0,20.0,100.0
2026-03-24 01:00:00+00:00,6.4,6.25,3.0,0.0,100.0,0.0,100.0,100.0
2026-03-24 02:00:00+00:00,6.65,6.25,3.0,0.0,100.0,0.0,100.0,100.0
2026-03-24 03:00:00+00:00,7.45,6.6,3.0,0.0,99.0,0.0,90.0,95.0
2026-03-24 04:00:00+00:00,6.9,6.65,3.0,0.0,100.0,0.0,96.0,100.0
2026-03-24 05:00:00+00:00,6.65,6.6,3.0,0.0,100.0,0.0,98.0,100.0
2026-03-24 06:00:00+00:00,7.45,7.1,3.0,18.84179,100.0,0.0,100.0,100.0
2026-03-24 07:00:00+00:00,8.35,7.4,3.0,86.25755,100.0,0.0,98.0,100.0
2026-03-24 08:00:00+00:00,9.3,8.0,3.0,196.28152,100.0,0.0,99.0,100.0
2026-03-24 09:00:00+00:00,10.2,8.7,3.0,252.06561,100.0,0.0,98.0,100.0
2026-03-24 10:00:00+00:00,10.95,9.35,3.0,282.15173,100.0,0.0,85.0,100.0
2026-03-24 11:00:00+00:00,12.25,10.3,3.0,403.23447,100.0,0.0,64.0,100.0
2026-03-24 12:00:00+00:00,13.75,11.55,3.0,548.42303,100.0,2.0,90.0,100.0
2026-03-24 13:00:00+00:00,14.4,12.3,3.0,496.18982,100.0,5.0,98.0,100.0
2026-03-24 14:00:00+00:00,14.8,12.75,3.0,398.95773,100.0,2.0,84.0,100.0
2026-03-24 15:00:00+00:00,14.75,12.8,3.0,266.27234,100.0,0.0,0.0,100.0
2026-03-24 16:00:00+00:00,14.5,12.7,3.0,191.56454,100.0,0.0,0.0,100.0
2026-03-24 17:00:00+00:00,13.75,12.25,3.0,64.714,100.0,0.0,0.0,100.0
2026-03-24 18:00:00+00:00,13.1,12.15,3.0,0.0,98.0,0.0,0.0,98.0
2026-03-24 19:00:00+00:00,12.2,11.45,3.0,0.0,89.0,0.0,0.0,89.0
2026-03-24 20:00:00+00:00,11.65,10.85,0.0,0.0,9.0,9.0,5.0,0.0
2026-03-24 21:00:00+00:00,11.2,10.5,0.0,0.0,1.0,1.0,0.0,0.0
2026-03-24 22:00:00+00:00,11.0,10.2,1.0,0.0,37.0,9.0,30.0,0.0
2026-03-24 23:00:00+00:00,11.1,10.0,3.0,0.0,100.0,100.0,100.0,37.0
2026-03-25 00:00:00+00:00,11.15,10.85,3.0,0.0,100.0,100.0,10.0,45.0
2026-03-25 01:00:00+00:00,11.2,10.65,51.0,0.0,100.0,100.0,100.0,8.0
2026-03-25 02:00:00+00:00,9.9,10.15,55.0,0.0,100.0,55.0,100.0,0.0
2026-03-25 03:00:00+00:00,8.35,9.45,61.0,0.0,12.0,11.0,2.0,0.0
2026-03-25 04:00:00+00:00,7.7,8.65,0.0,0.0,13.0,12.0,6.0,0.0
2026-03-25 05:00:00+00:00,7.55,8.2,1.0,0.0,41.0,16.0,30.0,0.0
2026-03-25 06:00:00+00:00,7.25,8.6,1.0,22.47375,31.0,20.0,17.0,2.0
2026-03-25 07:00:00+00:00,6.2,8.2,51.0,128.81685,95.0,75.0,77.0,46.0
2026-03-25 08:00:00+00:00,6.05,7.95,71.0,181.75279,97.0,38.0,92.0,93.0
2026-03-25 09:00:00+00:00,5.15,7.5,71.0,239.07726,100.0,66.0,98.0,100.0
2026-03-25 10:00:00+00:00,5.95,7.2,53.0,118.80088,99.0,49.0,86.0,98.0
2026-03-25 11:00:00+00:00,8.15,7.95,53.0,397.8388,100.0,100.0,66.0,91.0
2026-03-25 12:00:00+00:00,8.6,9.15,51.0,359.51822,31.0,9.0,22.0,10.0
2026-03-25 13:00:00+00:00,9.35,9.8,1.0,524.3916,37.0,11.0,26.0,16.0
2026-03-25 14:00:00+00:00,9.2,10.1,51.0,467.36554,80.0,25.0,44.0,70.0
2026-03-25 15:00:00+00:00,7.3,9.9,51.0,322.52933,100.0,21.0,63.0,99.0
2026-03-25 16:00:00+00:00,6.2,8.95,51.0,165.91467,98.0,13.0,91.0,97.0
2026-03-25 17:00:00+00:00,5.9,8.3,51.0,79.35999,100.0,32.0,99.0,99.0
2026-03-25 18:00:00+00:00,6.05,8.15,51.0,0.0,65.0,13.0,38.0,52.0
2026-03-25 19:00:00+00:00,5.0,7.25,2.0,0.0,72.0,13.0,60.0,47.0
2026-03-25 20:00:00+00:00,3.85,6.5,51.0,0.0,100.0,99.0,87.0,70.0
2026-03-25 21:00:00+00:00,3.15,5.5,73.0,0.0,95.0,21.0,84.0,89.0
2026-03-25 22:00:00+00:00,3.1,4.9,3.0,0.0,98.0,30.0,98.0,65.0
2026-03-25 23:00:00+00:00,3.4,4.65,2.0,0.0,76.0,6.0,59.0,65.0
2026-03-26 00:00:00+00:00,1.95,4.55,3.0,0.0,99.0,33.0,46.0,98.0
2026-03-26 01:00:00+00:00,2.4,4.2,51.0,0.0,95.0,32.0,64.0,91.0
2026-03-26 02:00:00+00:00,2.2,3.9,2.0,0.0,73.0,12.0,62.0,64.0
2026-03-26 03:00:00+00:00,2.3,3.7,2.0,0.0,63.0,4.0,62.0,0.0
2026-03-26 04:00:00+00:00,2.15,3.5,1.0,0.0,32.0,9.0,27.0,0.0
2026-03-26 05:00:00+00:00,1.6,3.15,1.0,0.0,28.0,19.0,20.0,0.0
2026-03-26 06:00:00+00:00,1.85,3.3,0.0,25.401697,13.0,11.0,5.0,0.0
2026-03-26 07:00:00+00:00,3.45,3.5,2.0,145.38301,61.0,19.0,55.0,0.0
2026-03-26 08:00:00+00:00,4.95,4.35,51.0,281.4239,75.0,31.0,67.0,0.0
2026-03-26 09:00:00+00:00,5.75,5.2,2.0,352.28552,78.0,33.0,71.0,0.0
2026-03-26 10:00:00+00:00,5.35,5.85,51.0,408.93756,59.0,18.0,52.0,0.0
2026-03-26 11:00:00+00:00,5.75,6.9,73.0,576.2167,88.0,22.0,86.0,0.0
2026-03-26 12:00:00+00:00,5.55,7.55,73.0,584.3537,49.0,12.0,45.0,0.0
2026-03-26 13:00:00+00:00,5.85,7.9,73.0,587.5578,73.0,12.0,71.0,0.0
2026-03-26 14:00:00+00:00,6.55,7.85,1.0,440.4441,31.0,4.0,16.0,16.0
2026-03-26 15:00:00+00:00,6.1,7.75,73.0,394.01593,29.0,7.0,4.0,22.0
2026-03-26 16:00:00+00:00,5.6,7.3,2.0,250.7377,67.0,31.0,59.0,2.0
2026-03-26 17:00:00+00:00,4.85,6.65,0.0,99.63038,16.0,13.0,10.0,0.0
2026-03-26 18:00:00+00:00,3.6,5.85,2.0,0.0,55.0,14.0,50.0,0.0
2026-03-26 19:00:00+00:00,2.8,5.1,51.0,0.0,84.0,20.0,82.0,0.0
2026-03-26 20:00:00+00:00,1.6,4.3,73.0,0.0,95.0,16.0,93.0,10.0
2026-03-26 21:00:00+00:00,2.05,3.85,73.0,0.0,88.0,25.0,85.0,0.0
2026-03-26 22:00:00+00:00,1.9,3.5,1.0,0.0,24.0,4.0,16.0,6.0
2026-03-26 23:00:00+00:00,0.25,2.75,0.0,0.0,0.0,0.0,0.0,0.0
2026-03-27 00:00:00+00:00,0.55,2.05,0.0,0.0,9.0,4.0,3.0,4.0
2026-03-27 01:00:00+00:00,-0.6,1.75,0.0,0.0,1.0,0.0,0.0,1.0
2026-03-27 02:00:00+00:00,-1.05,1.35,2.0,0.0,55.0,18.0,54.0,0.0
2026-03-27 03:00:00+00:00,-0.25,1.25,2.0,0.0,61.0,13.0,60.0,0.0
2026-03-27 04:00:00+00:00,0.65,1.5,1.0,0.0,40.0,0.0,39.0,1.0
2026-03-27 05:00:00+00:00,0.4,1.45,3.0,0.0,100.0,6.0,100.0,1.0
2026-03-27 06:00:00+00:00,1.2,1.25,3.0,23.173666,100.0,2.0,100.0,58.0
2026-03-27 07:00:00+00:00,2.45,2.0,3.0,79.2592,100.0,0.0,100.0,8.0
2026-03-27 08:00:00+00:00,3.55,2.85,3.0,109.89797,100.0,0.0,100.0,54.0
2026-03-27 09:00:00+00:00,4.75,3.75,3.0,165.62152,100.0,0.0,100.0,63.0
2026-03-27 10:00:00+00:00,5.85,4.6,3.0,196.1943,100.0,3.0,100.0,17.0
2026-03-27 11:00:00+00:00,6.55,5.25,3.0,200.27983,100.0,7.0,100.0,25.0
2026-03-27 12:00:00+00:00,8.35,6.6,3.0,275.05444,99.0,2.0,68.0,98.0
2026-03-27 13:00:00+00:00,9.35,7.6,3.0,468.13824,100.0,17.0,95.0,99.0
2026-03-27 14:00:00+00:00,9.7,8.15,3.0,369.52734,99.0,92.0,99.0,28.0
2026-03-27 15:00:00+00:00,9.65,8.35,3.0,280.4519,100.0,100.0,100.0,1.0
2026-03-27 16:00:00+00:00,9.0,7.95,3.0,78.8585,100.0,100.0,100.0,14.0
2026-03-27 17:00:00+00:00,8.3,7.5,51.0,18.339088,100.0,100.0,100.0,11.0
2026-03-27 18:00:00+00:00,8.5,7.65,3.0,0.39509436,100.0,100.0,100.0,21.0
2026-03-27 19:00:00+00:00,8.05,7.3,3.0,0.0,100.0,100.0,100.0,32.0
2026-03-27 20:00:00+00:00,7.25,6.9,51.0,0.0,100.0,100.0,100.0,80.0
2026-03-27 21:00:00+00:00,7.2,6.65,3.0,0.0,100.0,100.0,100.0,66.0
2026-03-27 22:00:00+00:00,7.15,6.55,51.0,0.0,100.0,100.0,100.0,100.0
2026-03-27 23:00:00+00:00,6.9,6.45,51.0,0.0,100.0,100.0,100.0,99.0
2026-03-28 00:00:00+00:00,6.15,6.35,53.0,0.0,100.0,100.0,100.0,100.0
2026-03-28 01:00:00+00:00,6.15,6.15,51.0,0.0,100.0,100.0,100.0,100.0
2026-03-28 02:00:00+00:00,6.35,6.2,53.0,0.0,100.0,100.0,100.0,100.0
2026-03-28 03:00:00+00:00,6.75,6.35,53.0,0.0,100.0,89.0,100.0,100.0
2026-03-28 04:00:00+00:00,6.9,6.45,51.0,0.0,100.0,9.0,100.0,100.0
2026-03-28 05:00:00+00:00,6.65,6.35,3.0,0.0,98.0,16.0,93.0,86.0
2026-03-28 06:00:00+00:00,5.95,6.35,3.0,25.560385,81.0,31.0,68.0,67.0
2026-03-28 07:00:00+00:00,6.2,6.2,51.0,111.25893,82.0,64.0,46.0,11.0
2026-03-28 08:00:00+00:00,7.1,6.5,51.0,201.7275,82.0,36.0,73.0,0.0
2026-03-28 09:00:00+00:00,8.3,7.15,0.0,327.27246,9.0,7.0,5.0,0.0
2026-03-28 10:00:00+00:00,9.15,8.15,1.0,523.42584,22.0,8.0,20.0,0.0
2026-03-28 11:00:00+00:00,9.0,9.0,1.0,627.51636,26.0,12.0,23.0,0.0
2026-03-28 12:00:00+00:00,9.5,9.5,51.0,615.2399,13.0,4.0,9.0,0.0
2026-03-28 13:00:00+00:00,9.4,10.0,1.0,626.49506,21.0,9.0,13.0,0.0
2026-03-28 14:00:00+00:00,8.9,10.1,0.0,513.8038,13.0,5.0,9.0,0.0
2026-03-28 15:00:00+00:00,8.6,9.9,0.0,413.51773,11.0,6.0,5.0,0.0
2026-03-28 16:00:00+00:00,8.1,9.45,0.0,267.6149,7.0,5.0,4.0,0.0
2026-03-28 17:00:00+00:00,7.4,8.75,1.0,128.78816,30.0,21.0,12.0,2.0
2026-03-28 18:00:00+00:00,5.65,8.2,2.0,4.1710806,72.0,15.0,67.0,0.0
2026-03-28 19:00:00+00:00,4.5,7.0,51.0,0.0,95.0,27.0,90.0,83.0
2026-03-28 20:00:00+00:00,4.05,6.15,3.0,0.0,97.0,17.0,96.0,77.0
2026-03-28 21:00:00+00:00,3.55,5.4,73.0,0.0,74.0,41.0,44.0,34.0
2026-03-28 22:00:00+00:00,3.15,4.8,1.0,0.0,49.0,27.0,31.0,0.0
2026-03-28 23:00:00+00:00,3.25,4.45,53.0,0.0,58.0,43.0,30.0,0.0
2026-03-29 00:00:00+00:00,3.15,3.2,51.0,0.0,13.0,13.0,0.0,0.0
2026-03-29 01:00:00+00:00,2.9,3.1,0.0,0.0,5.0,5.0,1.0,0.0
2026-03-29 02:00:00+00:00,2.55,2.9,0.0,0.0,5.0,4.0,1.0,0.0
2026-03-29 03:00:00+00:00,2.45,2.6,0.0,0.0,2.0,2.0,1.0,0.0
2026-03-29 04:00:00+00:00,2.15,2.25,0.0,0.0,0.0,0.0,0.0,0.0
2026-03-29 05:00:00+00:00,1.0,1.95,0.0,0.0,0.0,0.0,0.0,0.0
2026-03-29 06:00:00+00:00,1.3,1.8,0.0,39.408394,4.0,3.0,2.0,0.0
2026-03-29 07:00:00+00:00,3.8,2.65,0.0,172.18085,6.0,2.0,0.0,3.0
2026-03-29 08:00:00+00:00,6.5,4.2,3.0,334.55002,83.0,0.0,1.0,82.0
2026-03-29 09:00:00+00:00,8.05,5.6,2.0,482.73026,55.0,19.0,10.0,43.0
2026-03-29 10:00:00+00:00,9.05,6.8,2.0,538.0214,70.0,30.0,0.0,58.0
2026-03-29 11:00:00+00:00,9.75,7.8,3.0,557.7566,100.0,66.0,0.0,99.0
2026-03-29 12:00:00+00:00,10.1,8.1,3.0,547.88995,100.0,64.0,13.0,100.0
2026-03-29 13:00:00+00:00,10.45,8.7,3.0,504.14447,100.0,77.0,60.0,100.0
2026-03-29 14:00:00+00:00,10.25,8.8,3.0,313.64752,100.0,27.0,60.0,100.0
2026-03-29 15:00:00+00:00,10.0,8.6,3.0,195.36157,100.0,63.0,99.0,100.0
2026-03-29 16:00:00+00:00,9.45,8.3,3.0,111.42461,100.0,51.0,100.0,100.0
2026-03-29 17:00:00+00:00,8.8,8.0,3.0,51.79824,100.0,3.0,100.0,99.0
2026-03-29 18:00:00+00:00,7.6,7.55,51.0,2.0721996,100.0,3.0,100.0,99.0
2026-03-29 19:00:00+00:00,6.95,7.05,51.0,0.0,100.0,100.0,100.0,99.0
2026-03-29 20:00:00+00:00,6.8,6.7,53.0,0.0,100.0,100.0,100.0,86.0
2026-03-29 21:00:00+00:00,6.85,6.55,53.0,0.0,100.0,100.0,100.0,0.0
2026-03-29 22:00:00+00:00,7.1,6.55,53.0,0.0,91.0,88.0,55.0,0.0
2026-03-29 23:00:00+00:00,7.3,6.6,53.0,0.0,94.0,84.0,63.0,0.0
2026-03-30 00:00:00+00:00,7.55,7.0,51.0,0.0,99.0,71.0,99.0,0.0
2026-03-30 01:00:00+00:00,7.7,7.05,61.0,0.0,100.0,100.0,61.0,0.0
2026-03-30 02:00:00+00:00,6.55,6.8,51.0,0.0,21.0,13.0,10.0,0.0
2026-03-30 03:00:00+00:00,6.45,6.3,1.0,0.0,27.0,9.0,21.0,0.0
2026-03-30 04:00:00+00:00,6.9,6.1,1.0,0.0,36.0,13.0,30.0,0.0
2026-03-30 05:00:00+00:00,6.55,5.95,51.0,0.0,22.0,6.0,20.0,0.0
2026-03-30 06:00:00+00:00,6.3,6.55,51.0,40.325024,23.0,15.0,16.0,0.0
2026-03-30 07:00:00+00:00,7.15,6.6,1.0,164.25024,45.0,11.0,43.0,0.0
2026-03-30 08:00:00+00:00,7.35,6.95,3.0,256.41833,97.0,15.0,97.0,0.0
2026-03-30 09:00:00+00:00,6.4,7.05,75.0,311.50714,68.0,54.0,45.0,0.0
2026-03-30 10:00:00+00:00,7.7,7.05,53.0,378.43427,63.0,28.0,55.0,0.0
2026-03-30 11:00:00+00:00,8.15,7.45,61.0,411.38544,84.0,68.0,55.0,0.0
2026-03-30 12:00:00+00:00,7.05,8.8,51.0,401.3085,91.0,36.0,87.0,0.0
2026-03-30 13:00:00+00:00,7.8,8.85,51.0,435.20563,70.0,29.0,62.0,0.0
2026-03-30 14:00:00+00:00,8.85,9.15,1.0,413.98834,32.0,16.0,22.0,0.0
2026-03-30 15:00:00+00:00,9.15,9.45,51.0,416.09384,35.0,27.0,11.0,0.0
2026-03-30 16:00:00+00:00,8.3,9.2,1.0,265.54974,21.0,11.0,16.0,0.0
2026-03-30 17:00:00+00:00,7.5,8.55,51.0,121.806366,29.0,21.0,17.0,0.0
2026-03-30 18:00:00+00:00,6.7,8.2,0.0,8.99641,9.0,6.0,2.0,0.0
2026-03-30 19:00:00+00:00,5.95,7.35,0.0,0.0,13.0,13.0,0.0,0.0
2026-03-30 20:00:00+00:00,5.1,6.7,0.0,0.0,2.0,2.0,0.0,0.0
2026-03-30 21:00:00+00:00,4.2,6.05,0.0,0.0,2.0,2.0,0.0,0.0
2026-03-30 22:00:00+00:00,3.45,5.35,0.0,0.0,2.0,2.0,0.0,0.0
2026-03-30 23:00:00+00:00,3.05,4.8,0.0,0.0,1.0,1.0,0.0,0.0
2026-03-31 00:00:00+00:00,2.75,3.9,0.0,0.0,1.0,0.0,1.0,0.0
2026-03-31 01:00:00+00:00,2.7,3.7,0.0,0.0,4.0,4.0,0.0,0.0
2026-03-31 02:00:00+00:00,2.8,3.6,0.0,0.0,18.0,0.0,18.0,0.0
2026-03-31 03:00:00+00:00,3.0,3.5,1.0,0.0,28.0,20.0,12.0,0.0
2026-03-31 04:00:00+00:00,3.45,3.55,1.0,0.0,21.0,3.0,19.0,0.0
2026-03-31 05:00:00+00:00,3.05,3.45,1.0,0.0,46.0,4.0,45.0,0.0
2026-03-31 06:00:00+00:00,3.75,3.45,0.0,41.122437,15.0,2.0,14.0,0.0
2026-03-31 07:00:00+00:00,5.85,4.3,0.0,166.7475,13.0,9.0,4.0,0.0
2026-03-31 08:00:00+00:00,8.1,5.7,1.0,309.064,22.0,12.0,11.0,2.0
2026-03-31 09:00:00+00:00,9.35,7.1,51.0,432.70312,100.0,29.0,100.0,0.0
2026-03-31 10:00:00+00:00,10.0,7.9,3.0,339.43808,95.0,94.0,57.0,0.0
2026-03-31 11:00:00+00:00,10.45,8.5,51.0,325.2276,92.0,91.0,63.0,0.0
2026-03-31 12:00:00+00:00,10.95,9.2,3.0,337.0362,92.0,90.0,30.0,0.0
2026-03-31 13:00:00+00:00,10.95,9.45,2.0,301.1664,74.0,74.0,0.0,0.0
2026-03-31 14:00:00+00:00,11.25,10.05,2.0,414.1462,70.0,66.0,10.0,0.0
2026-03-31 15:00:00+00:00,10.8,10.0,3.0,252.0323,100.0,100.0,41.0,0.0
2026-03-31 16:00:00+00:00,10.35,9.8,3.0,172.45319,81.0,80.0,9.0,0.0
2026-03-31 17:00:00+00:00,9.6,9.4,2.0,88.35555,57.0,42.0,28.0,0.0
2026-03-31 18:00:00+00:00,8.15,9.15,2.0,10.731124,62.0,9.0,1.0,58.0
2026-03-31 19:00:00+00:00,6.35,7.9,1.0,0.0,31.0,5.0,0.0,27.0
2026-03-31 20:00:00+00:00,5.4,6.95,1.0,0.0,22.0,2.0,10.0,11.0
2026-03-31 21:00:00+00:00,4.65,6.2,0.0,0.0,11.0,0.0,11.0,0.0
2026-03-31 22:00:00+00:00,4.25,5.55,0.0,0.0,17.0,0.0,17.0,0.0
2026-03-31 23:00:00+00:00,4.05,5.0,1.0,0.0,35.0,4.0,35.0,0.0
2026-04-01 00:00:00+00:00,4.9,5.3,3.0,0.0,100.0,94.0,100.0,0.0
2026-04-01 01:00:00+00:00,5.4,5.6,3.0,0.0,100.0,90.0,100.0,94.0
2026-04-01 02:00:00+00:00,5.35,5.7,3.0,0.0,100.0,100.0,100.0,98.0
2026-04-01 03:00:00+00:00,5.35,5.8,3.0,0.0,100.0,23.0,100.0,100.0
2026-04-01 04:00:00+00:00,5.35,5.8,3.0,0.0,100.0,50.0,100.0,93.0
2026-04-01 05:00:00+00:00,5.45,5.85,3.0,0.0,100.0,13.0,100.0,0.0
2026-04-01 06:00:00+00:00,6.15,6.3,3.0,25.738428,100.0,7.0,100.0,0.0
2026-04-01 07:00:00+00:00,7.0,6.6,3.0,71.72888,100.0,3.0,100.0,0.0
2026-04-01 08:00:00+00:00,7.6,6.95,3.0,95.80269,100.0,2.0,100.0,0.0
2026-04-01 09:00:00+00:00,8.85,7.7,3.0,213.76164,83.0,4.0,83.0,0.0
2026-04-01 10:00:00+00:00,9.8,8.6,2.0,326.27225,77.0,2.0,77.0,0.0
2026-04-01 11:00:00+00:00,10.55,9.5,2.0,405.83246,51.0,2.0,50.0,0.0
2026-04-01 12:00:00+00:00,11.3,10.2,2.0,539.56006,63.0,6.0,63.0,0.0
2026-04-01 13:00:00+00:00,12.0,10.95,2.0,495.49887,59.0,4.0,58.0,0.0
2026-04-01 14:00:00+00:00,12.45,11.55,1.0,484.60135,26.0,0.0,26.0,0.0
2026-04-01 15:00:00+00:00,12.65,11.95,0.0,438.32562,0.0,0.0,0.0,0.0
2026-04-01 16:00:00+00:00,12.4,11.9,0.0,303.27875,2.0,2.0,0.0,0.0
2026-04-01 17:00:00+00:00,11.6,11.3,0.0,148.31166,0.0,0.0,0.0,0.0
2026-04-01 18:00:00+00:00,9.7,10.85,0.0,15.829881,0.0,0.0,0.0,0.0
2026-04-01 19:00:00+00:00,7.75,9.05,0.0,0.0,0.0,0.0,0.0,0.0
2026-04-01 20:00:00+00:00,6.75,7.7,0.0,0.0,0.0,0.0,0.0,0.0
2026-04-01 21:00:00+00:00,6.0,6.8,0.0,0.0,16.0,3.0,16.0,0.0
2026-04-01 22:00:00+00:00,5.0,6.1,3.0,0.0,84.0,61.0,60.0,0.0
2026-04-01 23:00:00+00:00,6.25,6.15,3.0,0.0,100.0,99.0,100.0,0.0
2026-04-02 00:00:00+00:00,7.25,6.7,2.0,0.0,73.0,21.0,73.0,0.0
2026-04-02 01:00:00+00:00,6.8,6.6,2.0,0.0,78.0,20.0,73.0,0.0
2026-04-02 02:00:00+00:00,6.6,6.45,3.0,0.0,100.0,25.0,100.0,0.0
2026-04-02 03:00:00+00:00,7.25,6.65,3.0,0.0,100.0,93.0,100.0,0.0
2026-04-02 04:00:00+00:00,7.15,6.75,51.0,0.0,100.0,100.0,100.0,34.0
2026-04-02 05:00:00+00:00,7.0,6.8,51.0,0.0,100.0,4.0,100.0,86.0
2026-04-02 06:00:00+00:00,7.4,7.4,51.0,18.19302,100.0,100.0,98.0,80.0
2026-04-02 07:00:00+00:00,8.35,7.6,3.0,51.128002,80.0,22.0,5.0,73.0
2026-04-02 08:00:00+00:00,10.05,8.5,3.0,269.55228,100.0,24.0,100.0,68.0
2026-04-02 09:00:00+00:00,10.25,8.9,3.0,197.70801,100.0,12.0,100.0,91.0
2026-04-02 10:00:00+00:00,10.6,9.45,51.0,286.3249,100.0,100.0,100.0,85.0
2026-04-02 11:00:00+00:00,10.55,9.75,51.0,259.7415,100.0,100.0,63.0,98.0
2026-04-02 12:00:00+00:00,9.45,9.55,51.0,193.5248,100.0,100.0,10.0,81.0
2026-04-02 13:00:00+00:00,9.5,9.5,3.0,182.66602,100.0,100.0,0.0,73.0
2026-04-02 14:00:00+00:00,9.35,9.45,51.0,157.52995,100.0,100.0,0.0,9.0
2026-04-02 15:00:00+00:00,9.65,9.5,3.0,171.90471,100.0,100.0,0.0,0.0
2026-04-02 16:00:00+00:00,8.95,9.4,51.0,134.05789,91.0,91.0,15.0,0.0
2026-04-02 17:00:00+00:00,8.85,9.05,51.0,86.75176,98.0,98.0,0.0,0.0
2026-04-02 18:00:00+00:00,7.35,8.55,3.0,8.928483,100.0,100.0,0.0,0.0
2026-04-02 19:00:00+00:00,6.75,8.0,3.0,0.0,100.0,100.0,0.0,0.0
2026-04-02 20:00:00+00:00,6.35,7.6,3.0,0.0,100.0,100.0,0.0,0.0
2026-04-02 21:00:00+00:00,5.9,7.25,3.0,0.0,100.0,100.0,0.0,17.0
2026-04-02 22:00:00+00:00,5.75,7.0,3.0,0.0,99.0,93.0,46.0,91.0
2026-04-02 23:00:00+00:00,5.25,6.7,3.0,0.0,100.0,91.0,97.0,79.0
2026-04-03 00:00:00+00:00,3.35,5.05,3.0,0.0,100.0,12.0,100.0,10.0
2026-04-03 01:00:00+00:00,2.7,4.7,2.0,0.0,60.0,5.0,52.0,12.0
2026-04-03 02:00:00+00:00,1.8,4.2,2.0,0.0,73.0,1.0,42.0,63.0
2026-04-03 03:00:00+00:00,1.55,3.8,3.0,0.0,100.0,0.0,98.0,94.0
2026-04-03 04:00:00+00:00,2.3,3.7,3.0,0.0,100.0,0.0,100.0,94.0
2026-04-03 05:00:00+00:00,3.55,4.05,3.0,0.0,100.0,0.0,100.0,95.0
2026-04-03 06:00:00+00:00,4.6,5.0,3.0,28.676682,100.0,0.0,100.0,95.0
2026-04-03 07:00:00+00:00,5.5,5.3,3.0,59.086346,100.0,2.0,100.0,0.0
2026-04-03 08:00:00+00:00,5.9,5.7,3.0,86.757645,100.0,0.0,100.0,90.0
2026-04-03 09:00:00+00:00,7.4,6.5,3.0,255.7403,99.0,0.0,96.0,84.0
2026-04-03 10:00:00+00:00,8.5,7.4,3.0,366.4572,85.0,0.0,49.0,70.0
2026-04-03 11:00:00+00:00,10.1,8.65,3.0,576.1475,85.0,2.0,85.0,0.0
2026-04-03 12:00:00+00:00,11.8,9.75,3.0,407.03235,94.0,78.0,45.0,47.0
2026-04-03 13:00:00+00:00,12.85,10.4,3.0,433.3731,100.0,100.0,100.0,80.0
2026-04-03 14:00:00+00:00,11.55,10.05,3.0,81.60757,100.0,100.0,100.0,88.0
2026-04-03 15:00:00+00:00,11.65,10.05,3.0,131.72914,100.0,100.0,100.0,90.0
2026-04-03 16:00:00+00:00,11.2,9.85,51.0,50.06229,100.0,100.0,77.0,99.0
2026-04-03 17:00:00+00:00,11.15,9.75,3.0,30.77705,100.0,100.0,43.0,99.0
2026-04-03 18:00:00+00:00,11.0,9.7,3.0,6.574252,100.0,100.0,98.0,100.0
2026-04-03 19:00:00+00:00,11.05,9.55,3.0,0.0,100.0,100.0,23.0,99.0
2026-04-03 20:00:00+00:00,11.25,9.55,3.0,0.0,100.0,100.0,93.0,99.0
2026-04-03 21:00:00+00:00,11.45,9.65,3.0,0.0,100.0,100.0,100.0,100.0
2026-04-03 22:00:00+00:00,11.65,9.75,3.0,0.0,100.0,100.0,22.0,98.0
2026-04-03 23:00:00+00:00,11.75,9.85,3.0,0.0,100.0,100.0,37.0,100.0
2026-04-04 00:00:00+00:00,11.75,10.2,51.0,0.0,100.0,100.0,7.0,95.0
2026-04-04 01:00:00+00:00,11.1,10.05,53.0,0.0,99.0,87.0,54.0,94.0
2026-04-04 02:00:00+00:00,10.5,9.8,53.0,0.0,100.0,100.0,41.0,99.0
2026-04-04 03:00:00+00:00,10.0,9.55,51.0,0.0,100.0,100.0,45.0,88.0
2026-04-04 04:00:00+00:00,9.8,9.4,51.0,0.0,100.0,100.0,10.0,86.0
2026-04-04 05:00:00+00:00,9.45,9.15,3.0,0.0,100.0,100.0,1.0,0.0
2026-04-04 06:00:00+00:00,9.45,9.3,3.0,27.206305,100.0,100.0,7.0,98.0
2026-04-04 07:00:00+00:00,10.15,9.4,3.0,93.41705,100.0,100.0,3.0,0.0
2026-04-04 08:00:00+00:00,10.75,9.75,51.0,191.01067,93.0,93.0,0.0,0.0
2026-04-04 09:00:00+00:00,11.55,10.3,2.0,292.33127,77.0,76.0,3.0,3.0
2026-04-04 10:00:00+00:00,12.65,11.0,51.0,370.45108,81.0,79.0,0.0,9.0
2026-04-04 11:00:00+00:00,13.85,11.9,51.0,510.7644,99.0,99.0,9.0,7.0
2026-04-04 12:00:00+00:00,14.1,12.45,3.0,398.9435,100.0,100.0,2.0,10.0
2026-04-04 13:00:00+00:00,14.45,12.6,3.0,284.72266,100.0,100.0,0.0,97.0
2026-04-04 14:00:00+00:00,14.4,12.6,3.0,186.73212,100.0,100.0,51.0,99.0
2026-04-04 15:00:00+00:00,14.75,12.65,3.0,155.16045,99.0,93.0,89.0,32.0
2026-04-04 16:00:00+00:00,15.4,12.9,2.0,198.14267,55.0,54.0,5.0,2.0
2026-04-04 17:00:00+00:00,15.1,12.9,2.0,140.44844,53.0,1.0,0.0,53.0
2026-04-04 18:00:00+00:00,14.1,12.75,1.0,23.72006,34.0,1.0,14.0,22.0
2026-04-04 19:00:00+00:00,13.4,12.05,3.0,0.0,98.0,0.0,10.0,98.0
2026-04-04 20:00:00+00:00,13.35,11.75,0.0,0.0,18.0,0.0,17.0,9.0
2026-04-04 21:00:00+00:00,13.25,11.5,3.0,0.0,97.0,1.0,29.0,95.0
2026-04-04 22:00:00+00:00,13.45,11.35,3.0,0.0,99.0,0.0,0.0,99.0
2026-04-04 23:00:00+00:00,13.75,11.35,3.0,0.0,99.0,0.0,2.0,99.0
2026-04-05 00:00:00+00:00,14.5,11.8,3.0,0.0,100.0,0.0,23.0,100.0
2026-04-05 01:00:00+00:00,14.65,11.85,3.0,0.0,100.0,2.0,70.0,100.0
2026-04-05 02:00:00+00:00,14.3,11.85,3.0,0.0,100.0,11.0,86.0,100.0
2026-04-05 03:00:00+00:00,13.15,11.7,3.0,0.0,100.0,100.0,91.0,100.0
2026-04-05 04:00:00+00:00,12.6,11.55,3.0,0.0,100.0,34.0,87.0,100.0
2026-04-05 05:00:00+00:00,12.0,11.25,3.0,0.0,100.0,20.0,100.0,100.0
2026-04-05 06:00:00+00:00,11.25,11.0,3.0,25.885384,100.0,62.0,87.0,100.0
2026-04-05 07:00:00+00:00,10.55,10.75,3.0,45.62425,100.0,14.0,100.0,100.0
2026-04-05 08:00:00+00:00,10.4,10.6,3.0,83.84767,100.0,16.0,100.0,100.0
2026-04-05 09:00:00+00:00,10.65,10.7,51.0,173.36237,99.0,28.0,98.0,80.0
2026-04-05 10:00:00+00:00,11.05,10.85,3.0,217.17845,100.0,27.0,100.0,92.0
2026-04-05 11:00:00+00:00,10.35,10.85,3.0,184.99765,99.0,20.0,99.0,16.0
2026-04-05 12:00:00+00:00,11.7,12.0,51.0,440.96942,48.0,24.0,38.0,6.0
2026-04-05 13:00:00+00:00,12.5,12.55,2.0,536.4397,76.0,63.0,39.0,0.0
2026-04-05 14:00:00+00:00,12.45,12.75,51.0,473.0956,38.0,7.0,26.0,11.0
2026-04-05 15:00:00+00:00,12.0,12.6,51.0,384.1867,91.0,7.0,11.0,90.0
2026-04-05 16:00:00+00:00,11.65,12.3,1.0,286.48636,48.0,10.0,43.0,0.0
2026-04-05 17:00:00+00:00,10.75,11.75,3.0,139.12302,85.0,13.0,29.0,77.0
2026-04-05 18:00:00+00:00,10.0,11.35,3.0,23.389732,99.0,1.0,5.0,99.0
2026-04-05 19:00:00+00:00,9.05,10.45,3.0,0.0,91.0,12.0,3.0,89.0
2026-04-05 20:00:00+00:00,8.6,9.8,3.0,0.0,81.0,5.0,66.0,41.0
2026-04-05 21:00:00+00:00,7.55,9.25,3.0,0.0,95.0,24.0,29.0,93.0
2026-04-05 22:00:00+00:00,7.0,8.65,3.0,0.0,98.0,9.0,62.0,95.0
2026-04-05 23:00:00+00:00,7.0,8.35,3.0,0.0,96.0,1.0,30.0,95.0
2026-04-06 00:00:00+00:00,5.15,6.75,3.0,0.0,98.0,0.0,14.0,97.0
2026-04-06 01:00:00+00:00,3.95,6.2,0.0,0.0,16.0,0.0,4.0,13.0
2026-04-06 02:00:00+00:00,3.5,5.75,0.0,0.0,0.0,0.0,0.0,0.0
2026-04-06 03:00:00+00:00,3.35,5.3,3.0,0.0,98.0,0.0,0.0,98.0
2026-04-06 04:00:00+00:00,3.8,5.15,3.0,0.0,100.0,0.0,0.0,100.0
2026-04-06 05:00:00+00:00,3.3,5.0,3.0,0.0,100.0,0.0,0.0,100.0
2026-04-06 06:00:00+00:00,4.05,4.05,3.0,59.264618,100.0,0.0,0.0,100.0
2026-04-06 07:00:00+00:00,6.1,5.25,3.0,172.8169,100.0,0.0,0.0,100.0
2026-04-06 08:00:00+00:00,8.45,6.85,3.0,315.33765,96.0,0.0,0.0,96.0
2026-04-06 09:00:00+00:00,10.2,8.6,3.0,499.27124,92.0,0.0,0.0,92.0
2026-04-06 10:00:00+00:00,11.25,10.25,1.0,621.11426,41.0,0.0,1.0,41.0
2026-04-06 11:00:00+00:00,12.2,11.6,3.0,690.10236,95.0,0.0,13.0,95.0
2026-04-06 12:00:00+00:00,13.15,12.8,3.0,652.3286,100.0,56.0,93.0,96.0
2026-04-06 13:00:00+00:00,13.35,13.1,3.0,469.4146,100.0,15.0,100.0,91.0
2026-04-06 14:00:00+00:00,13.45,13.4,1.0,462.93045,30.0,0.0,8.0,23.0
2026-04-06 15:00:00+00:00,13.65,13.65,2.0,473.4409,59.0,5.0,0.0,57.0
2026-04-06 16:00:00+00:00,13.35,13.4,3.0,323.12134,85.0,1.0,0.0,84.0
2026-04-06 17:00:00+00:00,12.55,12.7,0.0,166.89545,6.0,0.0,0.0,6.0
2026-04-06 18:00:00+00:00,10.4,12.15,1.0,30.094574,28.0,0.0,0.0,28.0
2026-04-06 19:00:00+00:00,8.9,10.55,1.0,0.0,22.0,0.0,0.0,22.0
2026-04-06 20:00:00+00:00,8.3,9.45,0.0,0.0,5.0,0.0,0.0,5.0
2026-04-06 21:00:00+00:00,7.1,8.55,0.0,0.0,0.0,0.0,0.0,0.0
2026-04-06 22:00:00+00:00,6.1,7.75,0.0,0.0,1.0,0.0,0.0,1.0
2026-04-06 23:00:00+00:00,5.9,7.2,0.0,0.0,1.0,0.0,0.0,1.0
2026-04-07 00:00:00+00:00,5.75,7.15,0.0,0.0,0.0,0.0,0.0,0.0
2026-04-07 01:00:00+00:00,5.25,6.7,0.0,0.0,0.0,0.0,0.0,0.0
2026-04-07 02:00:00+00:00,4.8,6.35,0.0,0.0,0.0,0.0,0.0,0.0
2026-04-07 03:00:00+00:00,4.4,6.0,0.0,0.0,0.0,0.0,0.0,0.0
2026-04-07 04:00:00+00:00,4.05,5.7,0.0,0.0,13.0,0.0,0.0,13.0
2026-04-07 05:00:00+00:00,3.7,5.4,0.0,0.0,0.0,0.0,0.0,0.0
2026-04-07 06:00:00+00:00,4.65,5.65,0.0,73.203125,0.0,0.0,0.0,0.0
2026-04-07 07:00:00+00:00,6.55,6.3,0.0,221.8844,6.0,0.0,0.0,6.0
2026-04-07 08:00:00+00:00,8.75,7.5,1.0,385.9581,32.0,0.0,0.0,32.0
2026-04-07 09:00:00+00:00,11.35,9.1,2.0,532.0729,54.0,0.0,0.0,54.0
2026-04-07 10:00:00+00:00,13.3,10.7,2.0,642.0267,63.0,0.0,0.0,63.0
2026-04-07 11:00:00+00:00,14.4,11.95,2.0,704.28784,74.0,0.0,0.0,74.0
2026-04-07 12:00:00+00:00,15.75,13.15,0.0,721.35645,5.0,0.0,0.0,5.0
2026-04-07 13:00:00+00:00,16.15,13.9,0.0,689.10254,6.0,0.0,0.0,6.0
2026-04-07 14:00:00+00:00,16.3,14.4,0.0,606.8059,0.0,0.0,0.0,0.0
2026-04-07 15:00:00+00:00,16.15,14.5,0.0,484.6115,0.0,0.0,0.0,0.0
2026-04-07 16:00:00+00:00,15.5,14.2,0.0,334.6528,13.0,0.0,0.0,13.0
2026-04-07 17:00:00+00:00,14.3,13.55,0.0,175.15468,15.0,0.0,0.0,15.0
2026-04-07 18:00:00+00:00,13.15,13.55,0.0,34.140106,4.0,0.0,0.0,4.0
2026-04-07 19:00:00+00:00,11.8,12.15,0.0,0.0,0.0,0.0,0.0,0.0
2026-04-07 20:00:00+00:00,10.6,11.1,0.0,0.0,0.0,0.0,0.0,0.0
2026-04-07 21:00:00+00:00,9.55,10.15,0.0,0.0,0.0,0.0,0.0,0.0
2026-04-07 22:00:00+00:00,8.7,9.4,0.0,0.0,0.0,0.0,0.0,0.0
2026-04-07 23:00:00+00:00,8.1,8.8,0.0,0.0,0.0,0.0,0.0,0.0
2026-04-08 00:00:00+00:00,7.9,9.15,0.0,0.0,0.0,0.0,0.0,0.0
2026-04-08 01:00:00+00:00,7.4,8.5,0.0,0.0,0.0,0.0,0.0,0.0
2026-04-08 02:00:00+00:00,6.6,7.9,0.0,0.0,0.0,0.0,0.0,0.0
2026-04-08 03:00:00+00:00,5.9,7.35,0.0,0.0,0.0,0.0,0.0,0.0
2026-04-08 04:00:00+00:00,5.5,6.85,0.0,0.0,0.0,0.0,0.0,0.0
2026-04-08 05:00:00+00:00,5.25,6.45,0.0,0.0,0.0,0.0,0.0,0.0
2026-04-08 06:00:00+00:00,6.05,6.5,0.0,81.47562,0.0,0.0,0.0,0.0
2026-04-08 07:00:00+00:00,8.1,7.25,0.0,231.11992,0.0,0.0,0.0,0.0
2026-04-08 08:00:00+00:00,10.8,8.7,0.0,396.83444,0.0,0.0,0.0,0.0
2026-04-08 09:00:00+00:00,13.65,10.5,1.0,541.4152,27.0,0.0,0.0,27.0
2026-04-08 10:00:00+00:00,16.0,12.35,0.0,649.04456,5.0,0.0,0.0,5.0
2026-04-08 11:00:00+00:00,17.8,14.0,0.0,714.3409,16.0,0.0,0.0,16.0
2026-04-08 12:00:00+00:00,19.75,15.5,3.0,728.25977,86.0,0.0,0.0,86.0
2026-04-08 13:00:00+00:00,20.2,16.45,1.0,694.9801,28.0,0.0,0.0,28.0
2026-04-08 14:00:00+00:00,20.4,17.0,3.0,611.70905,91.0,0.0,0.0,91.0
2026-04-08 15:00:00+00:00,20.25,17.15,2.0,477.79672,73.0,0.0,0.0,73.0
2026-04-08 16:00:00+00:00,19.75,16.9,1.0,336.10175,24.0,0.0,0.0,24.0
2026-04-08 17:00:00+00:00,18.25,16.3,0.0,178.30379,4.0,0.0,0.0,4.0
2026-04-08 18:00:00+00:00,16.2,16.4,0.0,37.069744,16.0,0.0,0.0,16.0
2026-04-08 19:00:00+00:00,14.75,14.6,2.0,0.0,52.0,0.0,0.0,52.0
2026-04-08 20:00:00+00:00,13.4,13.25,1.0,0.0,26.0,0.0,0.0,26.0
2026-04-08 21:00:00+00:00,12.15,12.15,0.0,0.0,6.0,0.0,0.0,6.0
2026-04-08 22:00:00+00:00,11.1,11.25,1.0,0.0,45.0,0.0,0.0,45.0
2026-04-08 23:00:00+00:00,10.25,10.5,1.0,0.0,48.0,0.0,13.0,41.0
2026-04-09 00:00:00+00:00,9.4,10.7,0.0,0.0,9.0,0.0,2.0,7.0
2026-04-09 01:00:00+00:00,8.2,9.75,0.0,0.0,16.0,0.0,0.0,16.0
2026-04-09 02:00:00+00:00,7.25,8.9,1.0,0.0,27.0,0.0,0.0,27.0
2026-04-09 03:00:00+00:00,6.45,8.15,0.0,0.0,6.0,0.0,2.0,4.0
2026-04-09 04:00:00+00:00,5.85,7.6,0.0,0.0,0.0,0.0,0.0,0.0
2026-04-09 05:00:00+00:00,5.2,7.0,0.0,0.0,0.0,0.0,0.0,0.0
2026-04-09 06:00:00+00:00,6.7,7.0,0.0,82.59918,19.0,0.0,0.0,19.0
2026-04-09 07:00:00+00:00,9.4,8.1,2.0,229.56548,53.0,0.0,0.0,53.0
2026-04-09 08:00:00+00:00,12.9,9.85,3.0,388.72867,100.0,0.0,0.0,100.0
2026-04-09 09:00:00+00:00,15.9,11.85,3.0,529.61475,96.0,0.0,0.0,96.0
2026-04-09 10:00:00+00:00,18.3,13.85,3.0,636.86334,95.0,0.0,9.0,95.0
2026-04-09 11:00:00+00:00,19.95,15.6,3.0,697.565,89.0,0.0,46.0,80.0
2026-04-09 12:00:00+00:00,21.35,17.15,3.0,688.091,98.0,0.0,98.0,0.0
2026-04-09 13:00:00+00:00,21.65,17.7,3.0,436.45764,93.0,0.0,1.0,93.0
2026-04-09 14:00:00+00:00,22.1,18.45,3.0,571.49524,97.0,0.0,67.0,90.0
2026-04-09 15:00:00+00:00,21.6,18.35,51.0,342.19186,98.0,0.0,63.0,95.0
2026-04-09 16:00:00+00:00,21.55,18.15,3.0,248.93565,96.0,0.0,22.0,95.0
2026-04-09 17:00:00+00:00,20.05,17.8,51.0,145.89656,100.0,0.0,55.0,100.0
2026-04-09 18:00:00+00:00,17.7,17.45,3.0,20.21396,100.0,2.0,23.0,100.0
2026-04-09 19:00:00+00:00,16.6,16.15,3.0,0.0,100.0,0.0,100.0,100.0
2026-04-09 20:00:00+00:00,16.65,15.45,3.0,0.0,100.0,0.0,95.0,100.0
2026-04-09 21:00:00+00:00,14.05,14.8,51.0,0.0,100.0,100.0,86.0,99.0
2026-04-09 22:00:00+00:00,12.8,14.0,3.0,0.0,100.0,100.0,53.0,87.0
2026-04-09 23:00:00+00:00,10.9,13.15,3.0,0.0,95.0,27.0,0.0,93.0
2026-04-10 00:00:00+00:00,9.7,12.35,3.0,0.0,100.0,0.0,44.0,100.0
2026-04-10 01:00:00+00:00,8.65,11.4,3.0,0.0,100.0,0.0,95.0,100.0
2026-04-10 02:00:00+00:00,8.4,10.75,3.0,0.0,100.0,0.0,91.0,100.0
2026-04-10 03:00:00+00:00,7.9,10.2,3.0,0.0,100.0,0.0,100.0,100.0
2026-04-10 04:00:00+00:00,7.55,9.75,3.0,0.0,100.0,0.0,99.0,100.0
2026-04-10 05:00:00+00:00,7.25,9.35,3.0,0.0,100.0,0.0,95.0,100.0
2026-04-10 06:00:00+00:00,7.1,9.35,3.0,43.926643,100.0,17.0,76.0,100.0
2026-04-10 07:00:00+00:00,7.55,9.35,3.0,116.053185,100.0,33.0,55.0,100.0
2026-04-10 08:00:00+00:00,8.55,9.85,3.0,231.72949,100.0,47.0,38.0,100.0
2026-04-10 09:00:00+00:00,9.5,10.6,3.0,345.61285,100.0,59.0,47.0,100.0
2026-04-10 10:00:00+00:00,10.25,11.35,3.0,388.04636,100.0,67.0,34.0,99.0
2026-04-10 11:00:00+00:00,11.1,12.1,3.0,440.4631,100.0,91.0,28.0,100.0
2026-04-10 12:00:00+00:00,11.4,12.5,3.0,458.66385,100.0,61.0,80.0,100.0
2026-04-10 13:00:00+00:00,11.75,12.9,3.0,421.90607,100.0,83.0,91.0,100.0
2026-04-10 14:00:00+00:00,11.6,12.8,3.0,292.4239,100.0,98.0,100.0,100.0
2026-04-10 15:00:00+00:00,11.4,12.8,3.0,305.5043,100.0,45.0,96.0,94.0
2026-04-10 16:00:00+00:00,10.9,12.4,3.0,163.14388,100.0,14.0,34.0,100.0
2026-04-10 17:00:00+00:00,10.7,12.05,3.0,122.059944,100.0,5.0,57.0,100.0
2026-04-10 18:00:00+00:00,10.05,11.5,3.0,32.192924,100.0,0.0,100.0,100.0
2026-04-10 19:00:00+00:00,9.55,10.85,3.0,0.0,100.0,0.0,100.0,100.0
2026-04-10 20:00:00+00:00,9.2,10.35,3.0,0.0,100.0,0.0,45.0,100.0
2026-04-10 21:00:00+00:00,8.3,9.65,3.0,0.0,99.0,0.0,14.0,99.0
2026-04-10 22:00:00+00:00,7.35,8.95,3.0,0.0,100.0,0.0,19.0,100.0
2026-04-10 23:00:00+00:00,7.05,8.4,2.0,0.0,63.0,0.0,9.0,59.0
2026-04-11 00:00:00+00:00,6.5,7.9,3.0,0.0,95.0,0.0,9.0,95.0
2026-04-11 01:00:00+00:00,6.1,7.4,3.0,0.0,100.0,0.0,1.0,100.0
2026-04-11 02:00:00+00:00,6.45,7.3,3.0,0.0,100.0,0.0,36.0,100.0
2026-04-11 03:00:00+00:00,6.85,7.3,3.0,0.0,100.0,0.0,100.0,100.0
2026-04-11 04:00:00+00:00,7.45,7.5,3.0,0.0,100.0,0.0,100.0,100.0
2026-04-11 05:00:00+00:00,7.5,7.55,3.0,0.0,100.0,0.0,99.0,100.0
2026-04-11 06:00:00+00:00,7.75,8.0,3.0,52.431877,100.0,0.0,100.0,100.0
2026-04-11 07:00:00+00:00,8.9,8.35,3.0,135.24225,100.0,0.0,73.0,100.0
2026-04-11 08:00:00+00:00,10.45,9.05,51.0,242.98822,100.0,0.0,19.0,100.0
2026-04-11 09:00:00+00:00,12.5,10.25,3.0,389.61047,100.0,0.0,6.0,100.0
2026-04-11 10:00:00+00:00,13.95,11.35,3.0,416.56067,100.0,0.0,52.0,100.0
2026-04-11 11:00:00+00:00,16.85,12.9,2.0,589.8297,73.0,0.0,14.0,68.0
2026-04-11 12:00:00+00:00,19.05,14.45,3.0,694.9144,100.0,0.0,37.0,99.0
2026-04-11 13:00:00+00:00,19.5,15.5,51.0,528.87885,100.0,84.0,73.0,100.0
2026-04-11 14:00:00+00:00,18.7,15.55,53.0,278.41098,100.0,6.0,100.0,100.0
2026-04-11 15:00:00+00:00,15.15,15.0,53.0,150.61205,100.0,96.0,100.0,100.0
2026-04-11 16:00:00+00:00,11.6,13.4,51.0,60.117702,100.0,100.0,87.0,100.0
2026-04-11 17:00:00+00:00,10.25,12.15,3.0,43.3739,100.0,100.0,100.0,100.0
2026-04-11 18:00:00+00:00,9.75,11.25,3.0,7.4097085,100.0,83.0,100.0,100.0
2026-04-11 19:00:00+00:00,9.75,10.65,3.0,0.0,100.0,0.0,100.0,100.0
2026-04-11 20:00:00+00:00,9.45,10.25,3.0,0.0,100.0,0.0,100.0,27.0
2026-04-11 21:00:00+00:00,9.2,9.85,2.0,0.0,62.0,0.0,39.0,38.0
2026-04-11 22:00:00+00:00,8.25,9.35,3.0,0.0,91.0,0.0,0.0,91.0
2026-04-11 23:00:00+00:00,7.0,8.65,3.0,0.0,100.0,0.0,0.0,100.0
2026-04-12 00:00:00+00:00,6.5,7.95,3.0,0.0,100.0,2.0,0.0,100.0
2026-04-12 01:00:00+00:00,5.8,7.55,3.0,0.0,100.0,0.0,0.0,100.0
2026-04-12 02:00:00+00:00,5.5,7.2,3.0,0.0,100.0,0.0,0.0,100.0
2026-04-12 03:00:00+00:00,5.25,6.9,3.0,0.0,100.0,0.0,0.0,100.0
2026-04-12 04:00:00+00:00,5.15,6.65,3.0,0.0,100.0,0.0,0.0,100.0
2026-04-12 05:00:00+00:00,5.25,6.5,3.0,0.0,100.0,1.0,0.0,100.0
2026-04-12 06:00:00+00:00,6.3,6.75,3.0,76.01514,100.0,0.0,0.0,100.0
2026-04-12 07:00:00+00:00,7.65,7.4,3.0,220.16261,100.0,0.0,0.0,100.0
2026-04-12 08:00:00+00:00,9.15,8.45,2.0,390.7406,70.0,0.0,0.0,70.0
2026-04-12 09:00:00+00:00,10.65,9.75,3.0,555.48486,97.0,0.0,0.0,97.0
2026-04-12 10:00:00+00:00,11.95,11.05,3.0,662.24744,98.0,21.0,0.0,97.0
2026-04-12 11:00:00+00:00,12.95,12.05,3.0,653.54266,100.0,63.0,0.0,100.0
2026-04-12 12:00:00+00:00,13.8,12.9,3.0,618.7368,100.0,15.0,6.0,100.0
2026-04-12 13:00:00+00:00,14.3,13.6,3.0,655.3139,100.0,7.0,11.0,100.0
2026-04-12 14:00:00+00:00,14.35,13.85,3.0,525.9533,100.0,7.0,47.0,100.0
2026-04-12 15:00:00+00:00,14.05,13.75,3.0,400.72528,100.0,7.0,77.0,100.0
2026-04-12 16:00:00+00:00,13.7,13.3,3.0,202.70091,100.0,1.0,41.0,100.0
2026-04-12 17:00:00+00:00,13.2,12.8,3.0,114.94518,100.0,2.0,30.0,100.0
2026-04-12 18:00:00+00:00,11.75,12.1,3.0,38.251797,100.0,23.0,12.0,100.0
2026-04-12 19:00:00+00:00,10.45,11.1,3.0,0.0,100.0,27.0,7.0,100.0
2026-04-12 20:00:00+00:00,9.55,10.3,3.0,0.0,100.0,0.0,1.0,100.0
2026-04-12 21:00:00+00:00,8.0,9.4,3.0,0.0,100.0,0.0,0.0,100.0
2026-04-12 22:00:00+00:00,7.35,8.7,3.0,0.0,100.0,0.0,0.0,100.0
2026-04-12 23:00:00+00:00,6.65,8.0,3.0,0.0,100.0,0.0,0.0,100.0
2026-04-13 00:00:00+00:00,6.05,6.0,3.0,0.0,100.0,0.0,0.0,100.0
2026-04-13 01:00:00+00:00,5.15,5.75,3.0,0.0,100.0,0.0,0.0,100.0
2026-04-13 02:00:00+00:00,3.8,5.4,3.0,0.0,100.0,10.0,0.0,100.0
2026-04-13 03:00:00+00:00,3.7,5.2,3.0,0.0,100.0,14.0,0.0,100.0
2026-04-13 04:00:00+00:00,3.75,5.0,3.0,0.0,100.0,0.0,56.0,100.0
2026-04-13 05:00:00+00:00,3.9,4.75,3.0,0.0,100.0,0.0,100.0,100.0
2026-04-13 06:00:00+00:00,4.0,4.3,3.0,71.82728,100.0,0.0,100.0,100.0
2026-04-13 07:00:00+00:00,6.5,5.5,3.0,166.51486,100.0,0.0,100.0,100.0
2026-04-13 08:00:00+00:00,7.7,6.65,3.0,160.89096,100.0,0.0,98.0,100.0
2026-04-13 09:00:00+00:00,10.35,8.3,3.0,342.22772,100.0,0.0,100.0,100.0
2026-04-13 10:00:00+00:00,12.0,9.85,3.0,424.5576,100.0,0.0,100.0,100.0
2026-04-13 11:00:00+00:00,12.85,11.15,3.0,453.4132,100.0,7.0,100.0,95.0
2026-04-13 12:00:00+00:00,13.3,12.05,3.0,319.34122,100.0,0.0,100.0,100.0
2026-04-13 13:00:00+00:00,13.05,12.05,3.0,233.36345,100.0,3.0,100.0,100.0
2026-04-13 14:00:00+00:00,13.05,12.15,3.0,224.94304,100.0,5.0,100.0,100.0
2026-04-13 15:00:00+00:00,12.65,11.95,3.0,153.5424,100.0,19.0,100.0,100.0
2026-04-13 16:00:00+00:00,12.15,11.6,3.0,98.54061,100.0,9.0,100.0,100.0
2026-04-13 17:00:00+00:00,12.2,11.55,3.0,123.00508,100.0,2.0,100.0,97.0
2026-04-13 18:00:00+00:00,11.5,11.25,3.0,27.573061,100.0,20.0,98.0,100.0
2026-04-13 19:00:00+00:00,8.9,10.05,3.0,0.0,98.0,8.0,24.0,97.0
2026-04-13 20:00:00+00:00,8.35,9.2,1.0,0.0,43.0,1.0,12.0,36.0
2026-04-13 21:00:00+00:00,7.25,8.45,0.0,0.0,1.0,1.0,1.0,0.0
2026-04-13 22:00:00+00:00,5.7,7.55,0.0,0.0,0.0,0.0,0.0,0.0
2026-04-13 23:00:00+00:00,4.9,6.8,0.0,0.0,0.0,0.0,0.0,0.0
2026-04-14 00:00:00+00:00,5.35,6.05,0.0,0.0,0.0,0.0,0.0,0.0
2026-04-14 01:00:00+00:00,4.75,5.8,0.0,0.0,1.0,1.0,0.0,0.0
2026-04-14 02:00:00+00:00,3.85,5.5,1.0,0.0,21.0,21.0,0.0,0.0
2026-04-14 03:00:00+00:00,3.85,5.25,3.0,0.0,100.0,100.0,0.0,0.0
2026-04-14 04:00:00+00:00,4.05,5.1,3.0,0.0,100.0,100.0,0.0,0.0
2026-04-14 05:00:00+00:00,3.7,5.0,3.0,0.0,100.0,100.0,0.0,0.0
2026-04-14 06:00:00+00:00,5.0,4.4,3.0,80.88184,100.0,100.0,0.0,0.0
2026-04-14 07:00:00+00:00,6.75,5.75,3.0,215.20381,100.0,100.0,0.0,0.0
2026-04-14 08:00:00+00:00,8.85,7.4,1.0,370.32547,29.0,29.0,0.0,0.0
2026-04-14 09:00:00+00:00,10.75,9.25,0.0,557.59534,0.0,0.0,0.0,0.0
2026-04-14 10:00:00+00:00,12.4,11.0,1.0,675.26764,30.0,30.0,0.0,0.0
2026-04-14 11:00:00+00:00,13.45,12.4,2.0,667.5379,56.0,56.0,0.0,0.0
2026-04-14 12:00:00+00:00,14.65,13.45,1.0,657.6241,38.0,38.0,0.0,0.0
2026-04-14 13:00:00+00:00,15.4,14.3,2.0,653.46606,53.0,3.0,53.0,0.0
2026-04-14 14:00:00+00:00,15.7,14.75,2.0,581.8361,60.0,9.0,59.0,0.0
2026-04-14 15:00:00+00:00,15.6,14.85,2.0,476.32217,52.0,1.0,52.0,0.0
2026-04-14 16:00:00+00:00,15.0,14.4,2.0,280.77393,63.0,2.0,56.0,16.0
2026-04-14 17:00:00+00:00,14.35,13.85,3.0,184.16937,99.0,1.0,21.0,99.0
2026-04-14 18:00:00+00:00,13.25,13.4,3.0,52.10281,96.0,1.0,3.0,96.0
2026-04-14 19:00:00+00:00,11.05,11.55,0.0,0.0,2.0,0.0,2.0,0.0
2026-04-14 20:00:00+00:00,9.5,10.0,0.0,0.0,1.0,0.0,1.0,0.0
2026-04-14 21:00:00+00:00,8.15,8.8,0.0,0.0,0.0,0.0,0.0,0.0
2026-04-14 22:00:00+00:00,6.6,7.9,0.0,0.0,5.0,0.0,0.0,5.0
2026-04-14 23:00:00+00:00,6.05,7.15,1.0,0.0,44.0,0.0,0.0,44.0
2026-04-15 00:00:00+00:00,6.65,6.35,0.0,0.0,1.0,0.0,0.0,1.0
2026-04-15 01:00:00+00:00,6.15,6.25,1.0,0.0,25.0,0.0,0.0,25.0
2026-04-15 02:00:00+00:00,5.65,6.05,2.0,0.0,59.0,0.0,0.0,59.0
2026-04-15 03:00:00+00:00,5.4,5.9,3.0,0.0,99.0,0.0,0.0,99.0
2026-04-15 04:00:00+00:00,5.35,5.85,3.0,0.0,100.0,0.0,7.0,100.0
2026-04-15 05:00:00+00:00,5.2,5.8,3.0,14.889621,100.0,0.0,19.0,100.0
2026-04-15 06:00:00+00:00,7.15,6.25,3.0,78.85219,100.0,0.0,16.0,100.0
2026-04-15 07:00:00+00:00,9.4,7.3,3.0,210.22717,95.0,0.0,9.0,95.0
2026-04-15 08:00:00+00:00,11.95,8.95,3.0,395.2971,94.0,0.0,3.0,94.0
2026-04-15 09:00:00+00:00,14.35,10.7,3.0,536.0099,100.0,0.0,13.0,100.0
2026-04-15 10:00:00+00:00,16.05,12.25,3.0,596.223,98.0,0.0,4.0,98.0
2026-04-15 11:00:00+00:00,17.0,13.65,3.0,699.2502,96.0,0.0,6.0,96.0
2026-04-15 12:00:00+00:00,18.25,15.0,0.0,740.6162,0.0,0.0,0.0,0.0
2026-04-15 13:00:00+00:00,18.55,15.9,0.0,714.7812,0.0,0.0,0.0,0.0
2026-04-15 14:00:00+00:00,18.7,16.4,3.0,630.0491,97.0,0.0,0.0,97.0
2026-04-15 15:00:00+00:00,18.65,16.55,3.0,509.21912,100.0,8.0,11.0,100.0
2026-04-15 16:00:00+00:00,18.25,16.3,3.0,327.2246,100.0,34.0,100.0,99.0
2026-04-15 17:00:00+00:00,17.3,15.55,3.0,91.32933,100.0,30.0,100.0,94.0
2026-04-15 18:00:00+00:00,15.25,15.25,3.0,13.484432,100.0,98.0,100.0,0.0
2026-04-15 19:00:00+00:00,14.5,14.25,3.0,0.0,80.0,9.0,77.0,0.0
2026-04-15 20:00:00+00:00,14.6,13.4,0.0,0.0,7.0,0.0,7.0,0.0
2026-04-15 21:00:00+00:00,13.25,12.55,2.0,0.0,56.0,8.0,53.0,0.0
2026-04-15 22:00:00+00:00,12.95,12.1,3.0,0.0,80.0,24.0,80.0,0.0
2026-04-15 23:00:00+00:00,12.6,11.9,2.0,0.0,64.0,9.0,63.0,0.0
2026-04-16 00:00:00+00:00,12.5,12.75,1.0,0.0,43.0,9.0,39.0,0.0
2026-04-16 01:00:00+00:00,11.75,12.05,51.0,0.0,41.0,21.0,32.0,0.0
2026-04-16 02:00:00+00:00,11.0,11.5,0.0,0.0,19.0,0.0,19.0,0.0
2026-04-16 03:00:00+00:00,10.05,10.85,0.0,0.0,2.0,0.0,2.0,0.0
2026-04-16 04:00:00+00:00,9.25,10.2,2.0,0.0,51.0,0.0,15.0,42.0
2026-04-16 05:00:00+00:00,8.9,9.7,3.0,11.793854,100.0,0.0,84.0,100.0
2026-04-16 06:00:00+00:00,10.2,10.55,2.0,94.5487,59.0,0.0,45.0,40.0
2026-04-16 07:00:00+00:00,12.05,11.1,1.0,255.70227,21.0,5.0,9.0,9.0
2026-04-16 08:00:00+00:00,13.65,12.15,51.0,416.68723,85.0,38.0,24.0,70.0
2026-04-16 09:00:00+00:00,14.25,13.0,51.0,444.92688,99.0,24.0,21.0,99.0
2026-04-16 10:00:00+00:00,15.05,13.85,51.0,515.1531,100.0,70.0,30.0,100.0
2026-04-16 11:00:00+00:00,15.6,14.45,3.0,426.21414,98.0,88.0,34.0,78.0
2026-04-16 12:00:00+00:00,16.3,15.3,2.0,527.3787,71.0,20.0,14.0,60.0
2026-04-16 13:00:00+00:00,17.75,16.2,3.0,624.38574,84.0,35.0,27.0,73.0
2026-04-16 14:00:00+00:00,17.95,16.65,2.0,510.60153,73.0,20.0,39.0,55.0
2026-04-16 15:00:00+00:00,17.55,16.65,1.0,390.09946,49.0,13.0,48.0,2.0
2026-04-16 16:00:00+00:00,16.15,16.35,3.0,286.75586,91.0,25.0,84.0,43.0
2026-04-16 17:00:00+00:00,14.9,15.65,2.0,126.088264,73.0,16.0,30.0,59.0
2026-04-16 18:00:00+00:00,14.05,15.0,2.0,46.175938,66.0,28.0,17.0,49.0
2026-04-16 19:00:00+00:00,12.3,13.55,1.0,0.0,41.0,23.0,3.0,21.0
2026-04-16 20:00:00+00:00,11.3,12.2,1.0,0.0,20.0,6.0,5.0,10.0
2026-04-16 21:00:00+00:00,10.2,11.1,0.0,0.0,15.0,0.0,3.0,13.0
