entity_id,state,last_changed
sensor.light_sensor,0.833333,2025-10-07T02:14:24.114Z
sensor.light_sensor,1.666667,2025-10-07T05:29:46.281Z
sensor.light_sensor,4.166667,2025-10-07T05:34:46.328Z
sensor.light_sensor,9.166666,2025-10-07T05:39:47.499Z
sensor.light_sensor,17.5,2025-10-07T05:44:47.747Z
sensor.light_sensor,37.5,2025-10-07T05:49:48.482Z
sensor.light_sensor,57.5,2025-10-07T05:54:48.819Z
sensor.light_sensor,113.3333,2025-10-07T05:59:48.652Z
sensor.light_sensor,171.6667,2025-10-07T06:04:49.415Z
sensor.light_sensor,250,2025-10-07T06:09:53.685Z
sensor.light_sensor,365.8333,2025-10-07T06:14:53.688Z
sensor.light_sensor,546.6666,2025-10-07T06:19:54.490Z
sensor.light_sensor,446.6667,2025-10-07T06:24:55.302Z
sensor.light_sensor,330.8333,2025-10-07T06:29:55.445Z
sensor.light_sensor,255,2025-10-07T06:34:56.222Z
sensor.light_sensor,233.3333,2025-10-07T06:39:56.094Z
sensor.light_sensor,241.6667,2025-10-07T06:44:56.474Z
sensor.light_sensor,316.6667,2025-10-07T06:49:57.133Z
sensor.light_sensor,266.6667,2025-10-07T06:54:57.685Z
sensor.light_sensor,237.5,2025-10-07T06:59:57.531Z
sensor.light_sensor,281.6667,2025-10-07T07:04:57.663Z
sensor.light_sensor,331.6667,2025-10-07T07:09:58.596Z
sensor.light_sensor,375,2025-10-07T07:14:58.577Z
sensor.light_sensor,359.1667,2025-10-07T07:19:59.676Z
sensor.light_sensor,476.6667,2025-10-07T07:25:00.372Z
sensor.light_sensor,1367.5,2025-10-07T07:30:00.827Z
sensor.light_sensor,1380.833,2025-10-07T07:35:01.283Z
sensor.light_sensor,1535,2025-10-07T07:40:01.305Z
sensor.light_sensor,1724.167,2025-10-07T07:45:01.559Z
sensor.light_sensor,1753.333,2025-10-07T07:50:02.699Z
sensor.light_sensor,1800.833,2025-10-07T07:55:02.759Z
sensor.light_sensor,1686.667,2025-10-07T08:05:04.318Z
sensor.light_sensor,2696.667,2025-10-07T08:10:04.717Z
sensor.light_sensor,2976.667,2025-10-07T08:15:05.176Z
sensor.light_sensor,2508.333,2025-10-07T08:20:05.938Z
sensor.light_sensor,4648.333,2025-10-07T08:25:06.999Z
sensor.light_sensor,3040,2025-10-07T08:30:07.129Z
sensor.light_sensor,4379.167,2025-10-07T08:35:07.269Z
sensor.light_sensor,4624.167,2025-10-07T08:40:12.934Z
sensor.light_sensor,4140,2025-10-07T08:45:13.077Z
sensor.light_sensor,3317.5,2025-10-07T08:50:13.877Z
sensor.light_sensor,4219.167,2025-10-07T08:55:14.718Z
sensor.ds18b20_sensor_28d206,21.1875,2025-09-27T22:00:00.000Z
sensor.ds18b20_sensor_28d206,21.182272499965276,2025-09-27T23:00:00.000Z
sensor.ds18b20_sensor_28d206,21.125888315972222,2025-09-28T00:00:00.000Z
sensor.ds18b20_sensor_28d206,21.100095033802084,2025-09-28T01:00:00.000Z
sensor.ds18b20_sensor_28d206,21.03779623170139,2025-09-28T02:00:00.000Z
sensor.ds18b20_sensor_28d206,20.98070753482639,2025-09-28T03:00:00.000Z
sensor.ds18b20_sensor_28d206,20.93228384909722,2025-09-28T04:00:00.000Z
sensor.ds18b20_sensor_28d206,20.88200094126736,2025-09-28T05:00:00.000Z
sensor.ds18b20_sensor_28d206,20.915578373541667,2025-09-28T06:00:00.000Z
sensor.ds18b20_sensor_28d206,21.26031905786458,2025-09-28T07:00:00.000Z
sensor.ds18b20_sensor_28d206,19.1069036928125,2025-09-28T08:00:00.000Z
sensor.ds18b20_sensor_28d206,22.336509393020833,2025-09-28T09:00:00.000Z
sensor.ds18b20_sensor_28d206,26.080174475364583,2025-09-28T10:00:00.000Z
sensor.ds18b20_sensor_28d206,28.19324893951389,2025-09-28T11:00:00.000Z
sensor.ds18b20_sensor_28d206,25.579284953211808,2025-09-28T12:00:00.000Z
sensor.ds18b20_sensor_28d206,24.70141653154514,2025-09-28T13:00:00.000Z
sensor.ds18b20_sensor_28d206,23.60153454803819,2025-09-28T14:00:00.000Z
sensor.ds18b20_sensor_28d206,22.133377577187503,2025-09-28T15:00:00.000Z
sensor.ds18b20_sensor_28d206,20.021771368680557,2025-09-28T16:00:00.000Z
sensor.ds18b20_sensor_28d206,18.04093909730903,2025-09-28T17:00:00.000Z
sensor.ds18b20_sensor_28d206,17.031811197708333,2025-09-28T18:00:00.000Z
sensor.ds18b20_sensor_28d206,16.35849040435764,2025-09-28T19:00:00.000Z
sensor.ds18b20_sensor_28d206,16.176201856284724,2025-09-28T20:00:00.000Z
sensor.ds18b20_sensor_28d206,15.878872783854169,2025-09-28T21:00:00.000Z
sensor.ds18b20_sensor_28d206,15.734853427899305,2025-09-28T22:00:00.000Z
sensor.ds18b20_sensor_28d206,15.318682990885415,2025-09-28T23:00:00.000Z
sensor.ds18b20_sensor_28d206,15.213993842274306,2025-09-29T00:00:00.000Z
sensor.ds18b20_sensor_28d206,14.96185290578125,2025-09-29T01:00:00.000Z
sensor.ds18b20_sensor_28d206,14.983506508645833,2025-09-29T02:00:00.000Z
sensor.ds18b20_sensor_28d206,14.302966217552083,2025-09-29T03:00:00.000Z
sensor.ds18b20_sensor_28d206,14.168106753368056,2025-09-29T04:00:00.000Z
sensor.ds18b20_sensor_28d206,13.885500783506943,2025-09-29T05:00:00.000Z
sensor.ds18b20_sensor_28d206,14.182058507690973,2025-09-29T06:00:00.000Z
sensor.ds18b20_sensor_28d206,16.16814583921875,2025-09-29T07:00:00.000Z
sensor.ds18b20_sensor_28d206,19.666862991458334,2025-09-29T08:00:00.000Z
sensor.ds18b20_sensor_28d206,23.27426524380208,2025-09-29T09:00:00.000Z
sensor.ds18b20_sensor_28d206,26.338608074184027,2025-09-29T10:00:00.000Z
sensor.ds18b20_sensor_28d206,26.15362682527778,2025-09-29T11:00:00.000Z
sensor.ds18b20_sensor_28d206,22.108595097708335,2025-09-29T12:00:00.000Z
sensor.ds18b20_sensor_28d206,19.679872678368056,2025-09-29T13:00:00.000Z
sensor.ds18b20_sensor_28d206,18.617783860729165,2025-09-29T14:00:00.000Z
sensor.ds18b20_sensor_28d206,18.14410372001736,2025-09-29T15:00:00.000Z
sensor.ds18b20_sensor_28d206,17.52798748623264,2025-09-29T16:00:00.000Z
sensor.ds18b20_sensor_28d206,16.76800256548611,2025-09-29T17:00:00.000Z
sensor.ds18b20_sensor_28d206,16.098478649305555,2025-09-29T18:00:00.000Z
sensor.ds18b20_sensor_28d206,15.837462653003472,2025-09-29T19:00:00.000Z
sensor.ds18b20_sensor_28d206,15.748046423593749,2025-09-29T20:00:00.000Z
sensor.ds18b20_sensor_28d206,15.782296628541667,2025-09-29T21:00:00.000Z
sensor.ds18b20_sensor_28d206,15.743519337222223,2025-09-29T22:00:00.000Z
sensor.ds18b20_sensor_28d206,15.70433262998264,2025-09-29T23:00:00.000Z
sensor.ds18b20_sensor_28d206,15.672114455086806,2025-09-30T00:00:00.000Z
sensor.ds18b20_sensor_28d206,15.849335996527778,2025-09-30T01:00:00.000Z
sensor.ds18b20_sensor_28d206,15.784793696545139,2025-09-30T02:00:00.000Z
sensor.ds18b20_sensor_28d206,15.479413512343749,2025-09-30T03:00:00.000Z
sensor.ds18b20_sensor_28d206,15.38504144623264,2025-09-30T04:00:00.000Z
sensor.ds18b20_sensor_28d206,15.249944153072915,2025-09-30T05:00:00.000Z
sensor.ds18b20_sensor_28d206,15.229168171458333,2025-09-30T06:00:00.000Z
sensor.ds18b20_sensor_28d206,16.21168170501736,2025-09-30T07:00:00.000Z
sensor.ds18b20_sensor_28d206,18.36841149748264,2025-09-30T08:00:00.000Z
sensor.ds18b20_sensor_28d206,23.430870683611115,2025-09-30T09:00:00.000Z
sensor.ds18b20_sensor_28d206,24.599418607413195,2025-09-30T10:00:00.000Z
sensor.ds18b20_sensor_28d206,25.12104166217014,2025-09-30T11:00:00.000Z
sensor.ds18b20_sensor_28d206,22.767972984670138,2025-09-30T12:00:00.000Z
sensor.ds18b20_sensor_28d206,21.28960301206597,2025-09-30T13:00:00.000Z
sensor.ds18b20_sensor_28d206,20.408150686059027,2025-09-30T14:00:00.000Z
sensor.ds18b20_sensor_28d206,19.78015576859375,2025-09-30T15:00:00.000Z
sensor.ds18b20_sensor_28d206,18.45400784949653,2025-09-30T16:00:00.000Z
sensor.ds18b20_sensor_28d206,17.55024140364583,2025-09-30T17:00:00.000Z
sensor.ds18b20_sensor_28d206,16.984173111961805,2025-09-30T18:00:00.000Z
sensor.ds18b20_sensor_28d206,16.84657908828125,2025-09-30T19:00:00.000Z
sensor.ds18b20_sensor_28d206,16.23571147498264,2025-09-30T20:00:00.000Z
sensor.ds18b20_sensor_28d206,16.014973635555556,2025-09-30T21:00:00.000Z
sensor.ds18b20_sensor_28d206,15.619257409288196,2025-09-30T22:00:00.000Z
sensor.ds18b20_sensor_28d206,15.188767043211806,2025-09-30T23:00:00.000Z
sensor.ds18b20_sensor_28d206,14.784372387604167,2025-10-01T00:00:00.000Z
sensor.ds18b20_sensor_28d206,14.516059213107638,2025-10-01T01:00:00.000Z
sensor.ds18b20_sensor_28d206,14.309198295590278,2025-10-01T02:00:00.000Z
sensor.ds18b20_sensor_28d206,14.040342317152778,2025-10-01T03:00:00.000Z
sensor.ds18b20_sensor_28d206,13.844469812725693,2025-10-01T04:00:00.000Z
sensor.ds18b20_sensor_28d206,12.884069085034723,2025-10-01T05:00:00.000Z
sensor.ds18b20_sensor_28d206,11.941743161371528,2025-10-01T06:00:00.000Z
sensor.ds18b20_sensor_28d206,12.80951370236111,2025-10-01T07:00:00.000Z
sensor.ds18b20_sensor_28d206,16.285214521354167,2025-10-01T08:00:00.000Z
sensor.ds18b20_sensor_28d206,21.498413666336806,2025-10-01T09:00:00.000Z
sensor.ds18b20_sensor_28d206,23.016436924114583,2025-10-01T10:00:00.000Z
sensor.ds18b20_sensor_28d206,23.28343200918403,2025-10-01T11:00:00.000Z
sensor.ds18b20_sensor_28d206,21.900491256440972,2025-10-01T12:00:00.000Z
sensor.ds18b20_sensor_28d206,21.926303039027776,2025-10-01T13:00:00.000Z
sensor.ds18b20_sensor_28d206,21.181157652899305,2025-10-01T14:00:00.000Z
sensor.ds18b20_sensor_28d206,19.828825227708332,2025-10-01T15:00:00.000Z
sensor.ds18b20_sensor_28d206,18.61543104420139,2025-10-01T16:00:00.000Z
sensor.ds18b20_sensor_28d206,17.701151117690973,2025-10-01T17:00:00.000Z
sensor.ds18b20_sensor_28d206,16.74540789576389,2025-10-01T18:00:00.000Z
sensor.ds18b20_sensor_28d206,16.02029069888889,2025-10-01T19:00:00.000Z
sensor.ds18b20_sensor_28d206,15.313128847708333,2025-10-01T20:00:00.000Z
sensor.ds18b20_sensor_28d206,14.822391570104166,2025-10-01T21:00:00.000Z
sensor.ds18b20_sensor_28d206,14.374564953854167,2025-10-01T22:00:00.000Z
sensor.ds18b20_sensor_28d206,13.868753127430557,2025-10-01T23:00:00.000Z
sensor.ds18b20_sensor_28d206,13.594013043298611,2025-10-02T00:00:00.000Z
sensor.ds18b20_sensor_28d206,13.331616847500001,2025-10-02T01:00:00.000Z
sensor.ds18b20_sensor_28d206,12.934749493020833,2025-10-02T02:00:00.000Z
sensor.ds18b20_sensor_28d206,12.662444536649305,2025-10-02T03:00:00.000Z
sensor.ds18b20_sensor_28d206,12.54512487875,2025-10-02T04:00:00.000Z
sensor.ds18b20_sensor_28d206,12.286295705034723,2025-10-02T05:00:00.000Z
sensor.ds18b20_sensor_28d206,12.25078647342014,2025-10-02T06:00:00.000Z
sensor.ds18b20_sensor_28d206,12.358404123663194,2025-10-02T07:00:00.000Z
sensor.ds18b20_sensor_28d206,13.523042726770834,2025-10-02T08:00:00.000Z
sensor.ds18b20_sensor_28d206,14.129170428576389,2025-10-02T09:00:00.000Z
sensor.ds18b20_sensor_28d206,15.11721319125,2025-10-02T10:00:00.000Z
sensor.ds18b20_sensor_28d206,17.56462559894097,2025-10-02T11:00:00.000Z
sensor.ds18b20_sensor_28d206,18.423612864131943,2025-10-02T12:00:00.000Z
sensor.ds18b20_sensor_28d206,18.51198508019097,2025-10-02T13:00:00.000Z
sensor.ds18b20_sensor_28d206,18.379715924479168,2025-10-02T14:00:00.000Z
sensor.ds18b20_sensor_28d206,17.714275183836808,2025-10-02T15:00:00.000Z
sensor.ds18b20_sensor_28d206,17.32957916373264,2025-10-02T16:00:00.000Z
sensor.ds18b20_sensor_28d206,16.764874858402777,2025-10-02T17:00:00.000Z
sensor.ds18b20_sensor_28d206,16.12080826020833,2025-10-02T18:00:00.000Z
sensor.ds18b20_sensor_28d206,15.548901576979167,2025-10-02T19:00:00.000Z
sensor.ds18b20_sensor_28d206,15.002520622569444,2025-10-02T20:00:00.000Z
sensor.ds18b20_sensor_28d206,14.501501419427084,2025-10-02T21:00:00.000Z
sensor.ds18b20_sensor_28d206,14.157573087777777,2025-10-02T22:00:00.000Z
sensor.ds18b20_sensor_28d206,13.69600136435764,2025-10-02T23:00:00.000Z
sensor.ds18b20_sensor_28d206,13.471445922048611,2025-10-03T00:00:00.000Z
sensor.ds18b20_sensor_28d206,13.268410801249999,2025-10-03T01:00:00.000Z
sensor.ds18b20_sensor_28d206,13.13138201730903,2025-10-03T02:00:00.000Z
sensor.ds18b20_sensor_28d206,12.681015733506944,2025-10-03T03:00:00.000Z
sensor.ds18b20_sensor_28d206,12.210348323472223,2025-10-03T04:00:00.000Z
sensor.ds18b20_sensor_28d206,11.916408729427083,2025-10-03T05:00:00.000Z
sensor.ds18b20_sensor_28d206,11.947953717986111,2025-10-03T06:00:00.000Z
sensor.ds18b20_sensor_28d206,12.038496986736112,2025-10-03T07:00:00.000Z
sensor.ds18b20_sensor_28d206,12.210067952065971,2025-10-03T08:00:00.000Z
sensor.ds18b20_sensor_28d206,12.510087828940973,2025-10-03T09:00:00.000Z
sensor.ds18b20_sensor_28d206,13.049728359218749,2025-10-03T10:00:00.000Z
sensor.ds18b20_sensor_28d206,13.554194605347222,2025-10-03T11:00:00.000Z
sensor.ds18b20_sensor_28d206,14.069774366666666,2025-10-03T12:00:00.000Z
sensor.ds18b20_sensor_28d206,14.610184187621527,2025-10-03T13:00:00.000Z
sensor.ds18b20_sensor_28d206,14.675626936041667,2025-10-03T14:00:00.000Z
sensor.ds18b20_sensor_28d206,14.908150086736113,2025-10-03T15:00:00.000Z
sensor.ds18b20_sensor_28d206,13.777370738645834,2025-10-03T16:00:00.000Z
sensor.ds18b20_sensor_28d206,12.317048129409722,2025-10-03T17:00:00.000Z
sensor.ds18b20_sensor_28d206,11.549972194774305,2025-10-03T18:00:00.000Z
sensor.ds18b20_sensor_28d206,11.386344419027779,2025-10-03T19:00:00.000Z
sensor.ds18b20_sensor_28d206,11.759093679409721,2025-10-03T20:00:00.000Z
sensor.ds18b20_sensor_28d206,12.508940600312501,2025-10-03T21:00:00.000Z
sensor.ds18b20_sensor_28d206,13.396977626840277,2025-10-03T22:00:00.000Z
sensor.ds18b20_sensor_28d206,14.321973597864583,2025-10-03T23:00:00.000Z
sensor.ds18b20_sensor_28d206,15.115911674687501,2025-10-04T00:00:00.000Z
sensor.ds18b20_sensor_28d206,15.953687158524305,2025-10-04T01:00:00.000Z
sensor.ds18b20_sensor_28d206,16.563984137135417,2025-10-04T02:00:00.000Z
sensor.ds18b20_sensor_28d206,16.996541224253473,2025-10-04T03:00:00.000Z
sensor.ds18b20_sensor_28d206,14.657625188819445,2025-10-04T04:00:00.000Z
sensor.ds18b20_sensor_28d206,14.491232210555557,2025-10-04T05:00:00.000Z
sensor.ds18b20_sensor_28d206,14.256268131024306,2025-10-04T06:00:00.000Z
sensor.ds18b20_sensor_28d206,14.317664420833333,2025-10-04T07:00:00.000Z
sensor.ds18b20_sensor_28d206,15.61787570295139,2025-10-04T08:00:00.000Z
sensor.ds18b20_sensor_28d206,16.5066324753125,2025-10-04T09:00:00.000Z
sensor.ds18b20_sensor_28d206,17.603761981875,2025-10-04T10:00:00.000Z
sensor.ds18b20_sensor_28d206,17.62871123935764,2025-10-04T11:00:00.000Z
sensor.ds18b20_sensor_28d206,15.842320933038195,2025-10-04T12:00:00.000Z
sensor.ds18b20_sensor_28d206,15.276935920868056,2025-10-04T13:00:00.000Z
sensor.ds18b20_sensor_28d206,14.692942448298611,2025-10-04T14:00:00.000Z
sensor.ds18b20_sensor_28d206,13.46457741967014,2025-10-04T15:00:00.000Z
sensor.ds18b20_sensor_28d206,12.848654805451389,2025-10-04T16:00:00.000Z
sensor.ds18b20_sensor_28d206,13.492209621666667,2025-10-04T17:00:00.000Z
sensor.ds18b20_sensor_28d206,14.054830043107637,2025-10-04T18:00:00.000Z
sensor.ds18b20_sensor_28d206,14.306609021024306,2025-10-04T19:00:00.000Z
sensor.ds18b20_sensor_28d206,14.44022748998264,2025-10-04T20:00:00.000Z
sensor.ds18b20_sensor_28d206,14.509321333802085,2025-10-04T21:00:00.000Z
sensor.ds18b20_sensor_28d206,14.437500566059027,2025-10-04T22:00:00.000Z
sensor.ds18b20_sensor_28d206,14.351545546649305,2025-10-04T23:00:00.000Z
sensor.ds18b20_sensor_28d206,14.154186521597223,2025-10-05T00:00:00.000Z
sensor.ds18b20_sensor_28d206,13.999973439131944,2025-10-05T01:00:00.000Z
sensor.ds18b20_sensor_28d206,13.844518881927085,2025-10-05T02:00:00.000Z
sensor.ds18b20_sensor_28d206,13.159749603125,2025-10-05T03:00:00.000Z
sensor.ds18b20_sensor_28d206,13.112584392795137,2025-10-05T04:00:00.000Z
sensor.ds18b20_sensor_28d206,13.30924907298611,2025-10-05T05:00:00.000Z
sensor.ds18b20_sensor_28d206,13.036560910624999,2025-10-05T06:00:00.000Z
sensor.ds18b20_sensor_28d206,13.426336617864584,2025-10-05T07:00:00.000Z
sensor.ds18b20_sensor_28d206,13.446916503177084,2025-10-05T08:00:00.000Z
sensor.ds18b20_sensor_28d206,13.519269468958333,2025-10-05T09:00:00.000Z
sensor.ds18b20_sensor_28d206,13.860465471024305,2025-10-05T10:00:00.000Z
sensor.ds18b20_sensor_28d206,13.964613759427083,2025-10-05T11:00:00.000Z
sensor.ds18b20_sensor_28d206,14.215643793715278,2025-10-05T12:00:00.000Z
sensor.ds18b20_sensor_28d206,14.282250859930556,2025-10-05T13:00:00.000Z
sensor.ds18b20_sensor_28d206,13.628858253819445,2025-10-05T14:00:00.000Z
sensor.ds18b20_sensor_28d206,14.075908304809028,2025-10-05T15:00:00.000Z
sensor.ds18b20_sensor_28d206,14.4066025359375,2025-10-05T16:00:00.000Z
sensor.ds18b20_sensor_28d206,14.202736124982637,2025-10-05T17:00:00.000Z
sensor.ds18b20_sensor_28d206,14.0623691696875,2025-10-05T18:00:00.000Z
sensor.ds18b20_sensor_28d206,14.069884582430555,2025-10-05T19:00:00.000Z
sensor.ds18b20_sensor_28d206,14.054670046024306,2025-10-05T20:00:00.000Z
sensor.ds18b20_sensor_28d206,14.155337474201389,2025-10-05T21:00:00.000Z
sensor.ds18b20_sensor_28d206,14.074684633385417,2025-10-05T22:00:00.000Z
sensor.ds18b20_sensor_28d206,13.268824692239583,2025-10-05T23:00:00.000Z
sensor.ds18b20_sensor_28d206,13.58151267095486,2025-10-06T00:00:00.000Z
sensor.ds18b20_sensor_28d206,13.646123666927084,2025-10-06T01:00:00.000Z
sensor.ds18b20_sensor_28d206,13.944216998559028,2025-10-06T02:00:00.000Z
sensor.ds18b20_sensor_28d206,14.135844714270833,2025-10-06T03:00:00.000Z
sensor.ds18b20_sensor_28d206,14.297067468072916,2025-10-06T04:00:00.000Z
sensor.ds18b20_sensor_28d206,14.4160680665625,2025-10-06T05:00:00.000Z
sensor.ds18b20_sensor_28d206,14.57167093451389,2025-10-06T06:00:00.000Z
sensor.ds18b20_sensor_28d206,14.686828922013888,2025-10-06T07:00:00.000Z
sensor.ds18b20_sensor_28d206,14.747959290260416,2025-10-06T08:00:00.000Z
sensor.ds18b20_sensor_28d206,14.947422465520832,2025-10-06T09:00:00.000Z
sensor.ds18b20_sensor_28d206,15.355595652899305,2025-10-06T10:00:00.000Z
sensor.ds18b20_sensor_28d206,15.508059187934029,2025-10-06T11:00:00.000Z
sensor.ds18b20_sensor_28d206,15.362729402829862,2025-10-06T12:00:00.000Z
sensor.ds18b20_sensor_28d206,15.363360112499999,2025-10-06T13:00:00.000Z
sensor.ds18b20_sensor_28d206,15.229298142239584,2025-10-06T14:00:00.000Z
sensor.ds18b20_sensor_28d206,15.1875,2025-10-06T15:00:00.000Z
sensor.ds18b20_sensor_28d206,15.1875,2025-10-06T16:00:00.000Z
sensor.ds18b20_sensor_28d206,15.275029298732639,2025-10-06T18:00:00.000Z
sensor.ds18b20_sensor_28d206,15.3125,2025-10-06T19:00:00.000Z
sensor.ds18b20_sensor_28d206,15.414884142569443,2025-10-06T20:00:00.000Z
sensor.ds18b20_sensor_28d206,15.404664895104167,2025-10-06T21:00:00.000Z
sensor.ds18b20_sensor_28d206,15.439965528489582,2025-10-06T22:00:00.000Z
sensor.ds18b20_sensor_28d206,15.43263245454861,2025-10-06T23:00:00.000Z
sensor.ds18b20_sensor_28d206,14.872169961909721,2025-10-07T00:00:00.000Z
sensor.ds18b20_sensor_28d206,14.423244164218751,2025-10-07T01:00:00.000Z
sensor.ds18b20_sensor_28d206,14.185098230885416,2025-10-07T02:00:00.000Z
sensor.ds18b20_sensor_28d206,14.25,2025-10-07T02:14:24.114Z
sensor.ds18b20_sensor_28d206,14.1875,2025-10-07T02:24:26.077Z
sensor.ds18b20_sensor_28d206,14.125,2025-10-07T02:34:25.970Z
sensor.ds18b20_sensor_28d206,14.0625,2025-10-07T02:49:27.413Z
sensor.ds18b20_sensor_28d206,14.125,2025-10-07T02:54:27.569Z
sensor.ds18b20_sensor_28d206,14.0625,2025-10-07T02:59:28.014Z
sensor.ds18b20_sensor_28d206,14.125,2025-10-07T03:14:34.269Z
sensor.ds18b20_sensor_28d206,14.0625,2025-10-07T03:29:34.867Z
sensor.ds18b20_sensor_28d206,14.125,2025-10-07T03:34:35.309Z
sensor.ds18b20_sensor_28d206,14.1875,2025-10-07T03:44:39.684Z
sensor.ds18b20_sensor_28d206,14.25,2025-10-07T03:59:40.347Z
sensor.ds18b20_sensor_28d206,14.1875,2025-10-07T04:04:40.801Z
sensor.ds18b20_sensor_28d206,14.25,2025-10-07T04:09:41.632Z
sensor.ds18b20_sensor_28d206,14.1875,2025-10-07T04:14:42.311Z
sensor.ds18b20_sensor_28d206,14.125,2025-10-07T04:54:43.992Z
sensor.ds18b20_sensor_28d206,14.1875,2025-10-07T04:59:43.962Z
sensor.ds18b20_sensor_28d206,14.125,2025-10-07T05:04:43.884Z
sensor.ds18b20_sensor_28d206,14.1875,2025-10-07T05:24:46.161Z
sensor.ds18b20_sensor_28d206,14.25,2025-10-07T05:44:47.746Z
sensor.ds18b20_sensor_28d206,14.3125,2025-10-07T06:04:49.415Z
sensor.ds18b20_sensor_28d206,14.25,2025-10-07T06:09:53.685Z
sensor.ds18b20_sensor_28d206,14.3125,2025-10-07T06:14:53.687Z
sensor.ds18b20_sensor_28d206,14.375,2025-10-07T07:35:01.282Z
sensor.ds18b20_sensor_28d206,14.4375,2025-10-07T07:45:01.558Z
sensor.ds18b20_sensor_28d206,14.5,2025-10-07T07:55:02.758Z
sensor.ds18b20_sensor_28d206,14.5625,2025-10-07T08:00:03.514Z
sensor.ds18b20_sensor_28d206,14.625,2025-10-07T08:05:04.318Z
sensor.ds18b20_sensor_28d206,14.6875,2025-10-07T08:10:04.716Z
sensor.ds18b20_sensor_28d206,14.75,2025-10-07T08:15:05.175Z
sensor.ds18b20_sensor_28d206,14.875,2025-10-07T08:20:05.937Z
sensor.ds18b20_sensor_28d206,14.9375,2025-10-07T08:25:06.998Z
sensor.ds18b20_sensor_28d206,15.0625,2025-10-07T08:30:07.128Z
sensor.ds18b20_sensor_28d206,15.1875,2025-10-07T08:35:07.268Z
sensor.ds18b20_sensor_28d206,15.25,2025-10-07T08:40:12.934Z
sensor.ds18b20_sensor_28d206,15.3125,2025-10-07T08:45:13.076Z
sensor.ds18b20_sensor_28d206,15.375,2025-10-07T08:50:13.876Z
sensor.ds18b20_sensor_28d206,15.4375,2025-10-07T08:55:14.717Z
sensor.ds18b20_sensor_288ba6,21.162073641024303,2025-09-27T22:00:00.000Z
sensor.ds18b20_sensor_288ba6,21.110217563003474,2025-09-27T23:00:00.000Z
sensor.ds18b20_sensor_288ba6,21.063542726996527,2025-09-28T00:00:00.000Z
sensor.ds18b20_sensor_288ba6,21.015662278802083,2025-09-28T01:00:00.000Z
sensor.ds18b20_sensor_288ba6,20.975296268506945,2025-09-28T02:00:00.000Z
sensor.ds18b20_sensor_288ba6,20.912983863541665,2025-09-28T03:00:00.000Z
sensor.ds18b20_sensor_288ba6,20.86113559916667,2025-09-28T04:00:00.000Z
sensor.ds18b20_sensor_288ba6,20.8039950125,2025-09-28T05:00:00.000Z
sensor.ds18b20_sensor_288ba6,20.784434184427084,2025-09-28T06:00:00.000Z
sensor.ds18b20_sensor_288ba6,20.90765215673611,2025-09-28T07:00:00.000Z
sensor.ds18b20_sensor_288ba6,19.6199228015625,2025-09-28T08:00:00.000Z
sensor.ds18b20_sensor_288ba6,20.312504012829862,2025-09-28T09:00:00.000Z
sensor.ds18b20_sensor_288ba6,25.00136713284722,2025-09-28T10:00:00.000Z
sensor.ds18b20_sensor_288ba6,27.84271694390625,2025-09-28T11:00:00.000Z
sensor.ds18b20_sensor_288ba6,27.49678951793403,2025-09-28T12:00:00.000Z
sensor.ds18b20_sensor_288ba6,25.882302123993057,2025-09-28T13:00:00.000Z
sensor.ds18b20_sensor_288ba6,24.394242098645833,2025-09-28T14:00:00.000Z
sensor.ds18b20_sensor_288ba6,23.21262366529514,2025-09-28T15:00:00.000Z
sensor.ds18b20_sensor_288ba6,21.46766532201389,2025-09-28T16:00:00.000Z
sensor.ds18b20_sensor_288ba6,19.270594905243055,2025-09-28T17:00:00.000Z
sensor.ds18b20_sensor_288ba6,17.77289051293403,2025-09-28T18:00:00.000Z
sensor.ds18b20_sensor_288ba6,16.79604227885417,2025-09-28T19:00:00.000Z
sensor.ds18b20_sensor_288ba6,16.354974945868054,2025-09-28T20:00:00.000Z
sensor.ds18b20_sensor_288ba6,16.02539880456597,2025-09-28T21:00:00.000Z
sensor.ds18b20_sensor_288ba6,15.776170053211805,2025-09-28T22:00:00.000Z
sensor.ds18b20_sensor_288ba6,15.448304056388887,2025-09-28T23:00:00.000Z
sensor.ds18b20_sensor_288ba6,15.359315618697918,2025-09-29T00:00:00.000Z
sensor.ds18b20_sensor_288ba6,15.230608934565971,2025-09-29T01:00:00.000Z
sensor.ds18b20_sensor_288ba6,15.148132385416666,2025-09-29T02:00:00.000Z
sensor.ds18b20_sensor_288ba6,14.802073024427083,2025-09-29T03:00:00.000Z
sensor.ds18b20_sensor_288ba6,14.525013012447916,2025-09-29T04:00:00.000Z
sensor.ds18b20_sensor_288ba6,14.183143282795138,2025-09-29T05:00:00.000Z
sensor.ds18b20_sensor_288ba6,14.06325142404514,2025-09-29T06:00:00.000Z
sensor.ds18b20_sensor_288ba6,14.694092527725694,2025-09-29T07:00:00.000Z
sensor.ds18b20_sensor_288ba6,16.55997080861111,2025-09-29T08:00:00.000Z
sensor.ds18b20_sensor_288ba6,20.227168336302082,2025-09-29T09:00:00.000Z
sensor.ds18b20_sensor_288ba6,24.875145575086805,2025-09-29T10:00:00.000Z
sensor.ds18b20_sensor_288ba6,26.241627413958337,2025-09-29T11:00:00.000Z
sensor.ds18b20_sensor_288ba6,24.177061183854168,2025-09-29T12:00:00.000Z
sensor.ds18b20_sensor_288ba6,21.54444526248264,2025-09-29T13:00:00.000Z
sensor.ds18b20_sensor_288ba6,19.607341340572916,2025-09-29T14:00:00.000Z
sensor.ds18b20_sensor_288ba6,18.652693398437503,2025-09-29T15:00:00.000Z
sensor.ds18b20_sensor_288ba6,17.936271790347224,2025-09-29T16:00:00.000Z
sensor.ds18b20_sensor_288ba6,17.238243291267363,2025-09-29T17:00:00.000Z
sensor.ds18b20_sensor_288ba6,16.518044594027778,2025-09-29T18:00:00.000Z
sensor.ds18b20_sensor_288ba6,16.01022123269097,2025-09-29T19:00:00.000Z
sensor.ds18b20_sensor_288ba6,15.793953807100694,2025-09-29T20:00:00.000Z
sensor.ds18b20_sensor_288ba6,15.692716228350696,2025-09-29T21:00:00.000Z
sensor.ds18b20_sensor_288ba6,15.665976808784722,2025-09-29T22:00:00.000Z
sensor.ds18b20_sensor_288ba6,15.635964458541666,2025-09-29T23:00:00.000Z
sensor.ds18b20_sensor_288ba6,15.602819227690972,2025-09-30T00:00:00.000Z
sensor.ds18b20_sensor_288ba6,15.552474284895835,2025-09-30T01:00:00.000Z
sensor.ds18b20_sensor_288ba6,15.5675029740625,2025-09-30T02:00:00.000Z
sensor.ds18b20_sensor_288ba6,15.37439375081597,2025-09-30T03:00:00.000Z
sensor.ds18b20_sensor_288ba6,15.260257053125,2025-09-30T04:00:00.000Z
sensor.ds18b20_sensor_288ba6,15.125004309583334,2025-09-30T05:00:00.000Z
sensor.ds18b20_sensor_288ba6,15.093616162760418,2025-09-30T06:00:00.000Z
sensor.ds18b20_sensor_288ba6,15.433700771631946,2025-09-30T07:00:00.000Z
sensor.ds18b20_sensor_288ba6,16.60146812407986,2025-09-30T08:00:00.000Z
sensor.ds18b20_sensor_288ba6,20.127696324270833,2025-09-30T09:00:00.000Z
sensor.ds18b20_sensor_288ba6,24.272192931475697,2025-09-30T10:00:00.000Z
sensor.ds18b20_sensor_288ba6,24.678329882881943,2025-09-30T11:00:00.000Z
sensor.ds18b20_sensor_288ba6,24.921009979444445,2025-09-30T12:00:00.000Z
sensor.ds18b20_sensor_288ba6,22.696499476631942,2025-09-30T13:00:00.000Z
sensor.ds18b20_sensor_288ba6,21.168994565729168,2025-09-30T14:00:00.000Z
sensor.ds18b20_sensor_288ba6,20.27111505387153,2025-09-30T15:00:00.000Z
sensor.ds18b20_sensor_288ba6,19.19136128722222,2025-09-30T16:00:00.000Z
sensor.ds18b20_sensor_288ba6,18.152236893402776,2025-09-30T17:00:00.000Z
sensor.ds18b20_sensor_288ba6,17.314161332552086,2025-09-30T18:00:00.000Z
sensor.ds18b20_sensor_288ba6,16.86208427861111,2025-09-30T19:00:00.000Z
sensor.ds18b20_sensor_288ba6,16.60557668359375,2025-09-30T20:00:00.000Z
sensor.ds18b20_sensor_288ba6,16.227352021631944,2025-09-30T21:00:00.000Z
sensor.ds18b20_sensor_288ba6,15.880179088524306,2025-09-30T22:00:00.000Z
sensor.ds18b20_sensor_288ba6,15.452446180555555,2025-09-30T23:00:00.000Z
sensor.ds18b20_sensor_288ba6,15.025640523003473,2025-10-01T00:00:00.000Z
sensor.ds18b20_sensor_288ba6,14.65992928734375,2025-10-01T01:00:00.000Z
sensor.ds18b20_sensor_288ba6,14.529722472135417,2025-10-01T02:00:00.000Z
sensor.ds18b20_sensor_288ba6,14.354450344045139,2025-10-01T03:00:00.000Z
sensor.ds18b20_sensor_288ba6,14.125819037430555,2025-10-01T04:00:00.000Z
sensor.ds18b20_sensor_288ba6,13.668252028715278,2025-10-01T05:00:00.000Z
sensor.ds18b20_sensor_288ba6,12.715663707083332,2025-10-01T06:00:00.000Z
sensor.ds18b20_sensor_288ba6,12.529053038697917,2025-10-01T07:00:00.000Z
sensor.ds18b20_sensor_288ba6,13.760916266128474,2025-10-01T08:00:00.000Z
sensor.ds18b20_sensor_288ba6,17.760249380086805,2025-10-01T09:00:00.000Z
sensor.ds18b20_sensor_288ba6,22.421535646250003,2025-10-01T10:00:00.000Z
sensor.ds18b20_sensor_288ba6,23.663658661822918,2025-10-01T11:00:00.000Z
sensor.ds18b20_sensor_288ba6,23.431822105555554,2025-10-01T12:00:00.000Z
sensor.ds18b20_sensor_288ba6,22.701452408107638,2025-10-01T13:00:00.000Z
sensor.ds18b20_sensor_288ba6,21.872200134218748,2025-10-01T14:00:00.000Z
sensor.ds18b20_sensor_288ba6,20.788170926006945,2025-10-01T15:00:00.000Z
sensor.ds18b20_sensor_288ba6,19.367777023333332,2025-10-01T16:00:00.000Z
sensor.ds18b20_sensor_288ba6,18.379714218923613,2025-10-01T17:00:00.000Z
sensor.ds18b20_sensor_288ba6,17.44416651362847,2025-10-01T18:00:00.000Z
sensor.ds18b20_sensor_288ba6,16.544506875590276,2025-10-01T19:00:00.000Z
sensor.ds18b20_sensor_288ba6,15.71294930640625,2025-10-01T20:00:00.000Z
sensor.ds18b20_sensor_288ba6,15.10272019340278,2025-10-01T21:00:00.000Z
sensor.ds18b20_sensor_288ba6,14.617027982100694,2025-10-01T22:00:00.000Z
sensor.ds18b20_sensor_288ba6,14.100173772048612,2025-10-01T23:00:00.000Z
sensor.ds18b20_sensor_288ba6,13.752836154947916,2025-10-02T00:00:00.000Z
sensor.ds18b20_sensor_288ba6,13.472146484635417,2025-10-02T01:00:00.000Z
sensor.ds18b20_sensor_288ba6,13.143133243055557,2025-10-02T02:00:00.000Z
sensor.ds18b20_sensor_288ba6,12.798980015381945,2025-10-02T03:00:00.000Z
sensor.ds18b20_sensor_288ba6,12.598613453298611,2025-10-02T04:00:00.000Z
sensor.ds18b20_sensor_288ba6,12.39637221032986,2025-10-02T05:00:00.000Z
sensor.ds18b20_sensor_288ba6,12.247088024461805,2025-10-02T06:00:00.000Z
sensor.ds18b20_sensor_288ba6,12.243054534947916,2025-10-02T07:00:00.000Z
sensor.ds18b20_sensor_288ba6,12.7785319903125,2025-10-02T08:00:00.000Z
sensor.ds18b20_sensor_288ba6,13.688874505225693,2025-10-02T09:00:00.000Z
sensor.ds18b20_sensor_288ba6,14.351538973628472,2025-10-02T10:00:00.000Z
sensor.ds18b20_sensor_288ba6,16.04537960796875,2025-10-02T11:00:00.000Z
sensor.ds18b20_sensor_288ba6,17.874563293854166,2025-10-02T12:00:00.000Z
sensor.ds18b20_sensor_288ba6,18.297595137239583,2025-10-02T13:00:00.000Z
sensor.ds18b20_sensor_288ba6,18.40611979142361,2025-10-02T14:00:00.000Z
sensor.ds18b20_sensor_288ba6,17.91224765659722,2025-10-02T15:00:00.000Z
sensor.ds18b20_sensor_288ba6,17.465191202395832,2025-10-02T16:00:00.000Z
sensor.ds18b20_sensor_288ba6,16.977662656354166,2025-10-02T17:00:00.000Z
sensor.ds18b20_sensor_288ba6,16.397131257621528,2025-10-02T18:00:00.000Z
sensor.ds18b20_sensor_288ba6,15.81011555126736,2025-10-02T19:00:00.000Z
sensor.ds18b20_sensor_288ba6,15.247421533229167,2025-10-02T20:00:00.000Z
sensor.ds18b20_sensor_288ba6,14.709885731892362,2025-10-02T21:00:00.000Z
sensor.ds18b20_sensor_288ba6,14.28237523532986,2025-10-02T22:00:00.000Z
sensor.ds18b20_sensor_288ba6,13.8586644225,2025-10-02T23:00:00.000Z
sensor.ds18b20_sensor_288ba6,13.51957098157986,2025-10-03T00:00:00.000Z
sensor.ds18b20_sensor_288ba6,13.287002236145833,2025-10-03T01:00:00.000Z
sensor.ds18b20_sensor_288ba6,13.117767026701388,2025-10-03T02:00:00.000Z
sensor.ds18b20_sensor_288ba6,12.845695700625,2025-10-03T03:00:00.000Z
sensor.ds18b20_sensor_288ba6,12.423228663767361,2025-10-03T04:00:00.000Z
sensor.ds18b20_sensor_288ba6,12.055637223124998,2025-10-03T05:00:00.000Z
sensor.ds18b20_sensor_288ba6,11.929700758368057,2025-10-03T06:00:00.000Z
sensor.ds18b20_sensor_288ba6,11.913780479548612,2025-10-03T07:00:00.000Z
sensor.ds18b20_sensor_288ba6,12.030640201753473,2025-10-03T08:00:00.000Z
sensor.ds18b20_sensor_288ba6,12.243125375208335,2025-10-03T09:00:00.000Z
sensor.ds18b20_sensor_288ba6,12.646637700659722,2025-10-03T10:00:00.000Z
sensor.ds18b20_sensor_288ba6,13.154819399913194,2025-10-03T11:00:00.000Z
sensor.ds18b20_sensor_288ba6,13.606597442361112,2025-10-03T12:00:00.000Z
sensor.ds18b20_sensor_288ba6,14.162939880052084,2025-10-03T13:00:00.000Z
sensor.ds18b20_sensor_288ba6,14.424492933836804,2025-10-03T14:00:00.000Z
sensor.ds18b20_sensor_288ba6,14.633891174826388,2025-10-03T15:00:00.000Z
sensor.ds18b20_sensor_288ba6,14.27897700326389,2025-10-03T16:00:00.000Z
sensor.ds18b20_sensor_288ba6,13.034001661197918,2025-10-03T17:00:00.000Z
sensor.ds18b20_sensor_288ba6,12.056806468090278,2025-10-03T18:00:00.000Z
sensor.ds18b20_sensor_288ba6,11.585989539149304,2025-10-03T19:00:00.000Z
sensor.ds18b20_sensor_288ba6,11.590402337135417,2025-10-03T20:00:00.000Z
sensor.ds18b20_sensor_288ba6,12.091466162777778,2025-10-03T21:00:00.000Z
sensor.ds18b20_sensor_288ba6,12.86565048798611,2025-10-03T22:00:00.000Z
sensor.ds18b20_sensor_288ba6,13.764485307135416,2025-10-03T23:00:00.000Z
sensor.ds18b20_sensor_288ba6,14.595392652378472,2025-10-04T00:00:00.000Z
sensor.ds18b20_sensor_288ba6,15.446676903368056,2025-10-04T01:00:00.000Z
sensor.ds18b20_sensor_288ba6,16.161752758802084,2025-10-04T02:00:00.000Z
sensor.ds18b20_sensor_288ba6,16.708294342413193,2025-10-04T03:00:00.000Z
sensor.ds18b20_sensor_288ba6,15.780857431805556,2025-10-04T04:00:00.000Z
sensor.ds18b20_sensor_288ba6,14.741542548315971,2025-10-04T05:00:00.000Z
sensor.ds18b20_sensor_288ba6,14.4002727796875,2025-10-04T06:00:00.000Z
sensor.ds18b20_sensor_288ba6,14.206164366770833,2025-10-04T07:00:00.000Z
sensor.ds18b20_sensor_288ba6,14.635376490156249,2025-10-04T08:00:00.000Z
sensor.ds18b20_sensor_288ba6,15.983049219201389,2025-10-04T09:00:00.000Z
sensor.ds18b20_sensor_288ba6,17.143387448454863,2025-10-04T10:00:00.000Z
sensor.ds18b20_sensor_288ba6,17.62255645652778,2025-10-04T11:00:00.000Z
sensor.ds18b20_sensor_288ba6,16.791319068385416,2025-10-04T12:00:00.000Z
sensor.ds18b20_sensor_288ba6,15.763021322135415,2025-10-04T13:00:00.000Z
sensor.ds18b20_sensor_288ba6,14.897442612777779,2025-10-04T14:00:00.000Z
sensor.ds18b20_sensor_288ba6,14.100815262430556,2025-10-04T15:00:00.000Z
sensor.ds18b20_sensor_288ba6,13.164873884531252,2025-10-04T16:00:00.000Z
sensor.ds18b20_sensor_288ba6,13.175074602968749,2025-10-04T17:00:00.000Z
sensor.ds18b20_sensor_288ba6,13.6673293690625,2025-10-04T18:00:00.000Z
sensor.ds18b20_sensor_288ba6,13.990316261302084,2025-10-04T19:00:00.000Z
sensor.ds18b20_sensor_288ba6,14.19023930748264,2025-10-04T20:00:00.000Z
sensor.ds18b20_sensor_288ba6,14.298132275086806,2025-10-04T21:00:00.000Z
sensor.ds18b20_sensor_288ba6,14.295788783194444,2025-10-04T22:00:00.000Z
sensor.ds18b20_sensor_288ba6,14.259661214722222,2025-10-04T23:00:00.000Z
sensor.ds18b20_sensor_288ba6,14.155416100347223,2025-10-05T00:00:00.000Z
sensor.ds18b20_sensor_288ba6,13.978344887083333,2025-10-05T01:00:00.000Z
sensor.ds18b20_sensor_288ba6,13.870489011753472,2025-10-05T02:00:00.000Z
sensor.ds18b20_sensor_288ba6,13.450712444618055,2025-10-05T03:00:00.000Z
sensor.ds18b20_sensor_288ba6,13.078862947031249,2025-10-05T04:00:00.000Z
sensor.ds18b20_sensor_288ba6,13.124510737309029,2025-10-05T05:00:00.000Z
sensor.ds18b20_sensor_288ba6,13.059717769947916,2025-10-05T06:00:00.000Z
sensor.ds18b20_sensor_288ba6,13.060321688246527,2025-10-05T07:00:00.000Z
sensor.ds18b20_sensor_288ba6,13.401598467152779,2025-10-05T08:00:00.000Z
sensor.ds18b20_sensor_288ba6,13.340147273871528,2025-10-05T09:00:00.000Z
sensor.ds18b20_sensor_288ba6,13.608634928489584,2025-10-05T10:00:00.000Z
sensor.ds18b20_sensor_288ba6,13.670085592031251,2025-10-05T11:00:00.000Z
sensor.ds18b20_sensor_288ba6,14.109789566545139,2025-10-05T12:00:00.000Z
sensor.ds18b20_sensor_288ba6,14.34927483467014,2025-10-05T13:00:00.000Z
sensor.ds18b20_sensor_288ba6,13.875964556336806,2025-10-05T14:00:00.000Z
sensor.ds18b20_sensor_288ba6,13.8377669315625,2025-10-05T15:00:00.000Z
sensor.ds18b20_sensor_288ba6,14.071006137274304,2025-10-05T16:00:00.000Z
sensor.ds18b20_sensor_288ba6,14.079419466475693,2025-10-05T17:00:00.000Z
sensor.ds18b20_sensor_288ba6,13.949727156354166,2025-10-05T18:00:00.000Z
sensor.ds18b20_sensor_288ba6,13.91648064907986,2025-10-05T19:00:00.000Z
sensor.ds18b20_sensor_288ba6,13.895787879322917,2025-10-05T20:00:00.000Z
sensor.ds18b20_sensor_288ba6,13.963716975763889,2025-10-05T21:00:00.000Z
sensor.ds18b20_sensor_288ba6,13.942720239548612,2025-10-05T22:00:00.000Z
sensor.ds18b20_sensor_288ba6,13.612511495190972,2025-10-05T23:00:00.000Z
sensor.ds18b20_sensor_288ba6,13.423356128489582,2025-10-06T00:00:00.000Z
sensor.ds18b20_sensor_288ba6,13.557289355694445,2025-10-06T01:00:00.000Z
sensor.ds18b20_sensor_288ba6,13.673012614305556,2025-10-06T02:00:00.000Z
sensor.ds18b20_sensor_288ba6,13.89641437171875,2025-10-06T03:00:00.000Z
sensor.ds18b20_sensor_288ba6,14.052197375277778,2025-10-06T04:00:00.000Z
sensor.ds18b20_sensor_288ba6,14.233962267065971,2025-10-06T05:00:00.000Z
sensor.ds18b20_sensor_288ba6,14.36856043423611,2025-10-06T06:00:00.000Z
sensor.ds18b20_sensor_288ba6,14.488063860694444,2025-10-06T07:00:00.000Z
sensor.ds18b20_sensor_288ba6,14.607292107864582,2025-10-06T08:00:00.000Z
sensor.ds18b20_sensor_288ba6,14.730885734722222,2025-10-06T09:00:00.000Z
sensor.ds18b20_sensor_288ba6,15.030042155468749,2025-10-06T10:00:00.000Z
sensor.ds18b20_sensor_288ba6,15.329152807604167,2025-10-06T11:00:00.000Z
sensor.ds18b20_sensor_288ba6,15.366474340225693,2025-10-06T12:00:00.000Z
sensor.ds18b20_sensor_288ba6,15.298839657777778,2025-10-06T13:00:00.000Z
sensor.ds18b20_sensor_288ba6,15.241708094895834,2025-10-06T14:00:00.000Z
sensor.ds18b20_sensor_288ba6,15.174264863802085,2025-10-06T15:00:00.000Z
sensor.ds18b20_sensor_288ba6,15.13021051375,2025-10-06T16:00:00.000Z
sensor.ds18b20_sensor_288ba6,15.096656566284722,2025-10-06T17:00:00.000Z
sensor.ds18b20_sensor_288ba6,15.132376795225694,2025-10-06T18:00:00.000Z
sensor.ds18b20_sensor_288ba6,15.152998474791666,2025-10-06T19:00:00.000Z
sensor.ds18b20_sensor_288ba6,15.215244654878473,2025-10-06T20:00:00.000Z
sensor.ds18b20_sensor_288ba6,15.244596409704862,2025-10-06T21:00:00.000Z
sensor.ds18b20_sensor_288ba6,15.266752253177083,2025-10-06T22:00:00.000Z
sensor.ds18b20_sensor_288ba6,15.300154569618057,2025-10-06T23:00:00.000Z
sensor.ds18b20_sensor_288ba6,15.0042515534375,2025-10-07T00:00:00.000Z
sensor.ds18b20_sensor_288ba6,14.53126779295139,2025-10-07T01:00:00.000Z
sensor.ds18b20_sensor_288ba6,14.19029723375,2025-10-07T02:00:00.000Z
sensor.ds18b20_sensor_288ba6,14.25,2025-10-07T02:14:24.114Z
sensor.ds18b20_sensor_288ba6,14.1875,2025-10-07T02:19:24.328Z
sensor.ds18b20_sensor_288ba6,14.25,2025-10-07T02:29:25.830Z
sensor.ds18b20_sensor_288ba6,14.1875,2025-10-07T02:34:25.971Z
sensor.ds18b20_sensor_288ba6,14.125,2025-10-07T02:39:26.831Z
sensor.ds18b20_sensor_288ba6,14.0625,2025-10-07T02:49:27.413Z
sensor.ds18b20_sensor_288ba6,14,2025-10-07T03:14:34.269Z
sensor.ds18b20_sensor_288ba6,14.0625,2025-10-07T03:19:33.477Z
sensor.ds18b20_sensor_288ba6,14,2025-10-07T03:24:33.927Z
sensor.ds18b20_sensor_288ba6,14.0625,2025-10-07T04:14:42.311Z
sensor.ds18b20_sensor_288ba6,14,2025-10-07T04:19:42.760Z
sensor.ds18b20_sensor_288ba6,14.0625,2025-10-07T04:44:43.864Z
sensor.ds18b20_sensor_288ba6,14,2025-10-07T04:49:43.663Z
sensor.ds18b20_sensor_288ba6,14.0625,2025-10-07T05:49:48.481Z
sensor.ds18b20_sensor_288ba6,14,2025-10-07T06:04:49.415Z
sensor.ds18b20_sensor_288ba6,14.0625,2025-10-07T06:09:53.685Z
sensor.ds18b20_sensor_288ba6,14.125,2025-10-07T06:34:56.222Z
sensor.ds18b20_sensor_288ba6,14.0625,2025-10-07T06:44:56.474Z
sensor.ds18b20_sensor_288ba6,14.125,2025-10-07T06:49:57.133Z
sensor.ds18b20_sensor_288ba6,14.1875,2025-10-07T07:45:01.559Z
sensor.ds18b20_sensor_288ba6,14.25,2025-10-07T08:10:04.717Z
sensor.ds18b20_sensor_288ba6,14.3125,2025-10-07T08:15:05.175Z
sensor.ds18b20_sensor_288ba6,14.375,2025-10-07T08:20:05.937Z
sensor.ds18b20_sensor_288ba6,14.4375,2025-10-07T08:25:06.999Z
sensor.ds18b20_sensor_288ba6,14.5,2025-10-07T08:30:07.128Z
sensor.ds18b20_sensor_288ba6,14.625,2025-10-07T08:40:12.934Z
sensor.ds18b20_sensor_288ba6,14.75,2025-10-07T08:50:13.877Z
sensor.ds18b20_sensor_288ba6,14.8125,2025-10-07T08:55:14.717Z
sensor.ds18b20_sensor_2805e1,21.22457365098958,2025-09-27T22:00:00.000Z
sensor.ds18b20_sensor_2805e1,21.151814951961807,2025-09-27T23:00:00.000Z
sensor.ds18b20_sensor_2805e1,21.110386702013887,2025-09-28T00:00:00.000Z
sensor.ds18b20_sensor_2805e1,21.0625,2025-09-28T01:00:00.000Z
sensor.ds18b20_sensor_2805e1,21.01166464168403,2025-09-28T02:00:00.000Z
sensor.ds18b20_sensor_2805e1,20.96502141467014,2025-09-28T03:00:00.000Z
sensor.ds18b20_sensor_2805e1,20.918403475607636,2025-09-28T04:00:00.000Z
sensor.ds18b20_sensor_2805e1,20.86126180298611,2025-09-28T05:00:00.000Z
sensor.ds18b20_sensor_2805e1,20.8125,2025-09-28T06:00:00.000Z
sensor.ds18b20_sensor_2805e1,20.82061015769097,2025-09-28T07:00:00.000Z
sensor.ds18b20_sensor_2805e1,20.7910266825,2025-09-28T08:00:00.000Z
sensor.ds18b20_sensor_2805e1,21.958115377777776,2025-09-28T09:00:00.000Z
sensor.ds18b20_sensor_2805e1,27.008111242552086,2025-09-28T10:00:00.000Z
sensor.ds18b20_sensor_2805e1,31.24464838213542,2025-09-28T11:00:00.000Z
sensor.ds18b20_sensor_2805e1,33.71607924434028,2025-09-28T12:00:00.000Z
sensor.ds18b20_sensor_2805e1,32.31489148842014,2025-09-28T13:00:00.000Z
sensor.ds18b20_sensor_2805e1,29.25752546532986,2025-09-28T14:00:00.000Z
sensor.ds18b20_sensor_2805e1,26.911438727465278,2025-09-28T15:00:00.000Z
sensor.ds18b20_sensor_2805e1,24.856195384583334,2025-09-28T16:00:00.000Z
sensor.ds18b20_sensor_2805e1,22.666651998767364,2025-09-28T17:00:00.000Z
sensor.ds18b20_sensor_2805e1,20.651902909010417,2025-09-28T18:00:00.000Z
sensor.ds18b20_sensor_2805e1,19.108640455694445,2025-09-28T19:00:00.000Z
sensor.ds18b20_sensor_2805e1,18.01544350574653,2025-09-28T20:00:00.000Z
sensor.ds18b20_sensor_2805e1,17.290200429600695,2025-09-28T21:00:00.000Z
sensor.ds18b20_sensor_2805e1,16.7134444490625,2025-09-28T22:00:00.000Z
sensor.ds18b20_sensor_2805e1,16.24037517548611,2025-09-28T23:00:00.000Z
sensor.ds18b20_sensor_2805e1,15.860922000486111,2025-09-29T00:00:00.000Z
sensor.ds18b20_sensor_2805e1,15.585989296979166,2025-09-29T01:00:00.000Z
sensor.ds18b20_sensor_2805e1,15.325886398541668,2025-09-29T02:00:00.000Z
sensor.ds18b20_sensor_2805e1,15.014725108472222,2025-09-29T03:00:00.000Z
sensor.ds18b20_sensor_2805e1,14.733227353541666,2025-09-29T04:00:00.000Z
sensor.ds18b20_sensor_2805e1,14.504949032586806,2025-09-29T05:00:00.000Z
sensor.ds18b20_sensor_2805e1,14.2840087275,2025-09-29T06:00:00.000Z
sensor.ds18b20_sensor_2805e1,14.395202257604167,2025-09-29T07:00:00.000Z
sensor.ds18b20_sensor_2805e1,15.509346508940972,2025-09-29T08:00:00.000Z
sensor.ds18b20_sensor_2805e1,18.941072659010416,2025-09-29T09:00:00.000Z
sensor.ds18b20_sensor_2805e1,24.19050917579861,2025-09-29T10:00:00.000Z
sensor.ds18b20_sensor_2805e1,28.197011918055555,2025-09-29T11:00:00.000Z
sensor.ds18b20_sensor_2805e1,29.058479153854165,2025-09-29T12:00:00.000Z
sensor.ds18b20_sensor_2805e1,27.169819685833332,2025-09-29T13:00:00.000Z
sensor.ds18b20_sensor_2805e1,24.118400987569444,2025-09-29T14:00:00.000Z
sensor.ds18b20_sensor_2805e1,21.904208385520832,2025-09-29T15:00:00.000Z
sensor.ds18b20_sensor_2805e1,20.389856059427085,2025-09-29T16:00:00.000Z
sensor.ds18b20_sensor_2805e1,19.23697646550347,2025-09-29T17:00:00.000Z
sensor.ds18b20_sensor_2805e1,18.21641862310764,2025-09-29T18:00:00.000Z
sensor.ds18b20_sensor_2805e1,17.39343569703125,2025-09-29T19:00:00.000Z
sensor.ds18b20_sensor_2805e1,16.81184188876736,2025-09-29T20:00:00.000Z
sensor.ds18b20_sensor_2805e1,16.454045752552084,2025-09-29T21:00:00.000Z
sensor.ds18b20_sensor_2805e1,16.237506219236113,2025-09-29T22:00:00.000Z
sensor.ds18b20_sensor_2805e1,16.07175838607639,2025-09-29T23:00:00.000Z
sensor.ds18b20_sensor_2805e1,15.98395574125,2025-09-30T00:00:00.000Z
sensor.ds18b20_sensor_2805e1,15.895144675503472,2025-09-30T01:00:00.000Z
sensor.ds18b20_sensor_2805e1,15.786203277291667,2025-09-30T02:00:00.000Z
sensor.ds18b20_sensor_2805e1,15.655670411440973,2025-09-30T03:00:00.000Z
sensor.ds18b20_sensor_2805e1,15.473676466996528,2025-09-30T04:00:00.000Z
sensor.ds18b20_sensor_2805e1,15.307288770347222,2025-09-30T05:00:00.000Z
sensor.ds18b20_sensor_2805e1,15.1980052140625,2025-09-30T06:00:00.000Z
sensor.ds18b20_sensor_2805e1,15.243404959774304,2025-09-30T07:00:00.000Z
sensor.ds18b20_sensor_2805e1,15.939224671510416,2025-09-30T08:00:00.000Z
sensor.ds18b20_sensor_2805e1,18.377387986753472,2025-09-30T09:00:00.000Z
sensor.ds18b20_sensor_2805e1,23.705040515625,2025-09-30T10:00:00.000Z
sensor.ds18b20_sensor_2805e1,26.166465524756944,2025-09-30T11:00:00.000Z
sensor.ds18b20_sensor_2805e1,28.40830784230903,2025-09-30T12:00:00.000Z
sensor.ds18b20_sensor_2805e1,27.43815689734375,2025-09-30T13:00:00.000Z
sensor.ds18b20_sensor_2805e1,25.170948179600696,2025-09-30T14:00:00.000Z
sensor.ds18b20_sensor_2805e1,23.354915850694443,2025-09-30T15:00:00.000Z
sensor.ds18b20_sensor_2805e1,21.861008598993056,2025-09-30T16:00:00.000Z
sensor.ds18b20_sensor_2805e1,20.451663552847222,2025-09-30T17:00:00.000Z
sensor.ds18b20_sensor_2805e1,19.266855880243053,2025-09-30T18:00:00.000Z
sensor.ds18b20_sensor_2805e1,18.339209200104168,2025-09-30T19:00:00.000Z
sensor.ds18b20_sensor_2805e1,17.678786453871528,2025-09-30T20:00:00.000Z
sensor.ds18b20_sensor_2805e1,17.109188728611112,2025-09-30T21:00:00.000Z
sensor.ds18b20_sensor_2805e1,16.604231806822916,2025-09-30T22:00:00.000Z
sensor.ds18b20_sensor_2805e1,16.101571016857637,2025-09-30T23:00:00.000Z
sensor.ds18b20_sensor_2805e1,15.589732647048612,2025-10-01T00:00:00.000Z
sensor.ds18b20_sensor_2805e1,15.130612961614583,2025-10-01T01:00:00.000Z
sensor.ds18b20_sensor_2805e1,14.768908245034723,2025-10-01T02:00:00.000Z
sensor.ds18b20_sensor_2805e1,14.495113991597222,2025-10-01T03:00:00.000Z
sensor.ds18b20_sensor_2805e1,14.235197189305554,2025-10-01T04:00:00.000Z
sensor.ds18b20_sensor_2805e1,13.936630221284723,2025-10-01T05:00:00.000Z
sensor.ds18b20_sensor_2805e1,13.466522159826388,2025-10-01T06:00:00.000Z
sensor.ds18b20_sensor_2805e1,12.961106959756945,2025-10-01T07:00:00.000Z
sensor.ds18b20_sensor_2805e1,13.327409979600695,2025-10-01T08:00:00.000Z
sensor.ds18b20_sensor_2805e1,16.465768731562502,2025-10-01T09:00:00.000Z
sensor.ds18b20_sensor_2805e1,22.53181401887153,2025-10-01T10:00:00.000Z
sensor.ds18b20_sensor_2805e1,25.669075056684026,2025-10-01T11:00:00.000Z
sensor.ds18b20_sensor_2805e1,27.2087889634375,2025-10-01T12:00:00.000Z
sensor.ds18b20_sensor_2805e1,26.73409327248264,2025-10-01T13:00:00.000Z
sensor.ds18b20_sensor_2805e1,25.18464008423611,2025-10-01T14:00:00.000Z
sensor.ds18b20_sensor_2805e1,23.835001531128473,2025-10-01T15:00:00.000Z
sensor.ds18b20_sensor_2805e1,22.189118564878473,2025-10-01T16:00:00.000Z
sensor.ds18b20_sensor_2805e1,20.617303852256942,2025-10-01T17:00:00.000Z
sensor.ds18b20_sensor_2805e1,19.286690242638887,2025-10-01T18:00:00.000Z
sensor.ds18b20_sensor_2805e1,18.14204528168403,2025-10-01T19:00:00.000Z
sensor.ds18b20_sensor_2805e1,17.158606341927083,2025-10-01T20:00:00.000Z
sensor.ds18b20_sensor_2805e1,16.322754499097222,2025-10-01T21:00:00.000Z
sensor.ds18b20_sensor_2805e1,15.652713755972222,2025-10-01T22:00:00.000Z
sensor.ds18b20_sensor_2805e1,15.073911485399305,2025-10-01T23:00:00.000Z
sensor.ds18b20_sensor_2805e1,14.573371517916668,2025-10-02T00:00:00.000Z
sensor.ds18b20_sensor_2805e1,14.125952895121529,2025-10-02T01:00:00.000Z
sensor.ds18b20_sensor_2805e1,13.736873747152778,2025-10-02T02:00:00.000Z
sensor.ds18b20_sensor_2805e1,13.385438286909723,2025-10-02T03:00:00.000Z
sensor.ds18b20_sensor_2805e1,13.07408981673611,2025-10-02T04:00:00.000Z
sensor.ds18b20_sensor_2805e1,12.833874376753473,2025-10-02T05:00:00.000Z
sensor.ds18b20_sensor_2805e1,12.651898110156251,2025-10-02T06:00:00.000Z
sensor.ds18b20_sensor_2805e1,12.5625,2025-10-02T07:00:00.000Z
sensor.ds18b20_sensor_2805e1,12.728097533854166,2025-10-02T08:00:00.000Z
sensor.ds18b20_sensor_2805e1,13.574017151423611,2025-10-02T09:00:00.000Z
sensor.ds18b20_sensor_2805e1,14.214511783072917,2025-10-02T10:00:00.000Z
sensor.ds18b20_sensor_2805e1,15.247599506805557,2025-10-02T11:00:00.000Z
sensor.ds18b20_sensor_2805e1,17.339551440972222,2025-10-02T12:00:00.000Z
sensor.ds18b20_sensor_2805e1,18.647631139253473,2025-10-02T13:00:00.000Z
sensor.ds18b20_sensor_2805e1,18.97935567185764,2025-10-02T14:00:00.000Z
sensor.ds18b20_sensor_2805e1,18.797629736319447,2025-10-02T15:00:00.000Z
sensor.ds18b20_sensor_2805e1,18.29351123295139,2025-10-02T16:00:00.000Z
sensor.ds18b20_sensor_2805e1,17.779721029114583,2025-10-02T17:00:00.000Z
sensor.ds18b20_sensor_2805e1,17.225283866545137,2025-10-02T18:00:00.000Z
sensor.ds18b20_sensor_2805e1,16.64264796595486,2025-10-02T19:00:00.000Z
sensor.ds18b20_sensor_2805e1,16.080691483888888,2025-10-02T20:00:00.000Z
sensor.ds18b20_sensor_2805e1,15.538950384288194,2025-10-02T21:00:00.000Z
sensor.ds18b20_sensor_2805e1,15.039799376319444,2025-10-02T22:00:00.000Z
sensor.ds18b20_sensor_2805e1,14.616668199496528,2025-10-02T23:00:00.000Z
sensor.ds18b20_sensor_2805e1,14.196696782291667,2025-10-03T00:00:00.000Z
sensor.ds18b20_sensor_2805e1,13.880836881493055,2025-10-03T01:00:00.000Z
sensor.ds18b20_sensor_2805e1,13.626148997604167,2025-10-03T02:00:00.000Z
sensor.ds18b20_sensor_2805e1,13.411607314010418,2025-10-03T03:00:00.000Z
sensor.ds18b20_sensor_2805e1,13.10551852421875,2025-10-03T04:00:00.000Z
sensor.ds18b20_sensor_2805e1,12.753896828715277,2025-10-03T05:00:00.000Z
sensor.ds18b20_sensor_2805e1,12.443017400121528,2025-10-03T06:00:00.000Z
sensor.ds18b20_sensor_2805e1,12.289267239913194,2025-10-03T07:00:00.000Z
sensor.ds18b20_sensor_2805e1,12.262705279618055,2025-10-03T08:00:00.000Z
sensor.ds18b20_sensor_2805e1,12.348077192847223,2025-10-03T09:00:00.000Z
sensor.ds18b20_sensor_2805e1,12.557024071145833,2025-10-03T10:00:00.000Z
sensor.ds18b20_sensor_2805e1,12.949703721788195,2025-10-03T11:00:00.000Z
sensor.ds18b20_sensor_2805e1,13.353362567534722,2025-10-03T12:00:00.000Z
sensor.ds18b20_sensor_2805e1,13.781188630850695,2025-10-03T13:00:00.000Z
sensor.ds18b20_sensor_2805e1,14.205910987604165,2025-10-03T14:00:00.000Z
sensor.ds18b20_sensor_2805e1,14.473498644270833,2025-10-03T15:00:00.000Z
sensor.ds18b20_sensor_2805e1,14.612538315347223,2025-10-03T16:00:00.000Z
sensor.ds18b20_sensor_2805e1,14.20314752892361,2025-10-03T17:00:00.000Z
sensor.ds18b20_sensor_2805e1,13.415285892621528,2025-10-03T18:00:00.000Z
sensor.ds18b20_sensor_2805e1,12.732954088020833,2025-10-03T19:00:00.000Z
sensor.ds18b20_sensor_2805e1,12.31073582189236,2025-10-03T20:00:00.000Z
sensor.ds18b20_sensor_2805e1,12.287198359548611,2025-10-03T21:00:00.000Z
sensor.ds18b20_sensor_2805e1,12.630790996336806,2025-10-03T22:00:00.000Z
sensor.ds18b20_sensor_2805e1,13.22300872345486,2025-10-03T23:00:00.000Z
sensor.ds18b20_sensor_2805e1,13.965528771527778,2025-10-04T00:00:00.000Z
sensor.ds18b20_sensor_2805e1,14.76895477732639,2025-10-04T01:00:00.000Z
sensor.ds18b20_sensor_2805e1,15.58280143390625,2025-10-04T02:00:00.000Z
sensor.ds18b20_sensor_2805e1,16.266921794878474,2025-10-04T03:00:00.000Z
sensor.ds18b20_sensor_2805e1,16.536282680208334,2025-10-04T04:00:00.000Z
sensor.ds18b20_sensor_2805e1,15.766096500225695,2025-10-04T05:00:00.000Z
sensor.ds18b20_sensor_2805e1,15.227085281961806,2025-10-04T06:00:00.000Z
sensor.ds18b20_sensor_2805e1,14.862440938038196,2025-10-04T07:00:00.000Z
sensor.ds18b20_sensor_2805e1,14.724324312309028,2025-10-04T08:00:00.000Z
sensor.ds18b20_sensor_2805e1,15.923927665104166,2025-10-04T09:00:00.000Z
sensor.ds18b20_sensor_2805e1,17.565505912065973,2025-10-04T10:00:00.000Z
sensor.ds18b20_sensor_2805e1,18.96641643484375,2025-10-04T11:00:00.000Z
sensor.ds18b20_sensor_2805e1,19.610068497309026,2025-10-04T12:00:00.000Z
sensor.ds18b20_sensor_2805e1,18.593524635868054,2025-10-04T13:00:00.000Z
sensor.ds18b20_sensor_2805e1,17.191296169288194,2025-10-04T14:00:00.000Z
sensor.ds18b20_sensor_2805e1,16.079874287864584,2025-10-04T15:00:00.000Z
sensor.ds18b20_sensor_2805e1,14.993239021163193,2025-10-04T16:00:00.000Z
sensor.ds18b20_sensor_2805e1,14.23262489907986,2025-10-04T17:00:00.000Z
sensor.ds18b20_sensor_2805e1,14.0625,2025-10-04T18:00:00.000Z
sensor.ds18b20_sensor_2805e1,14.155509756458335,2025-10-04T19:00:00.000Z
sensor.ds18b20_sensor_2805e1,14.289127305364582,2025-10-04T20:00:00.000Z
sensor.ds18b20_sensor_2805e1,14.412688589826388,2025-10-04T21:00:00.000Z
sensor.ds18b20_sensor_2805e1,14.4959230271875,2025-10-04T22:00:00.000Z
sensor.ds18b20_sensor_2805e1,14.462545204201389,2025-10-04T23:00:00.000Z
sensor.ds18b20_sensor_2805e1,14.421375995347221,2025-10-05T00:00:00.000Z
sensor.ds18b20_sensor_2805e1,14.312001664340277,2025-10-05T01:00:00.000Z
sensor.ds18b20_sensor_2805e1,14.198300007361112,2025-10-05T02:00:00.000Z
sensor.ds18b20_sensor_2805e1,14.022140299739583,2025-10-05T03:00:00.000Z
sensor.ds18b20_sensor_2805e1,13.689490433697918,2025-10-05T04:00:00.000Z
sensor.ds18b20_sensor_2805e1,13.490759509097224,2025-10-05T05:00:00.000Z
sensor.ds18b20_sensor_2805e1,13.422687115121528,2025-10-05T06:00:00.000Z
sensor.ds18b20_sensor_2805e1,13.323911801545139,2025-10-05T07:00:00.000Z
sensor.ds18b20_sensor_2805e1,13.508696842152778,2025-10-05T08:00:00.000Z
sensor.ds18b20_sensor_2805e1,13.593536219635418,2025-10-05T09:00:00.000Z
sensor.ds18b20_sensor_2805e1,13.70219959795139,2025-10-05T10:00:00.000Z
sensor.ds18b20_sensor_2805e1,13.862439243107639,2025-10-05T11:00:00.000Z
sensor.ds18b20_sensor_2805e1,14.159595127256944,2025-10-05T12:00:00.000Z
sensor.ds18b20_sensor_2805e1,14.590955042482639,2025-10-05T13:00:00.000Z
sensor.ds18b20_sensor_2805e1,14.644569200225694,2025-10-05T14:00:00.000Z
sensor.ds18b20_sensor_2805e1,14.342238218454861,2025-10-05T15:00:00.000Z
sensor.ds18b20_sensor_2805e1,14.257161713663194,2025-10-05T16:00:00.000Z
sensor.ds18b20_sensor_2805e1,14.284524480555556,2025-10-05T17:00:00.000Z
sensor.ds18b20_sensor_2805e1,14.194637580555556,2025-10-05T18:00:00.000Z
sensor.ds18b20_sensor_2805e1,14.087009753802084,2025-10-05T19:00:00.000Z
sensor.ds18b20_sensor_2805e1,14.014310095503474,2025-10-05T20:00:00.000Z
sensor.ds18b20_sensor_2805e1,14.006212827517361,2025-10-05T21:00:00.000Z
sensor.ds18b20_sensor_2805e1,14.052034782239582,2025-10-05T22:00:00.000Z
sensor.ds18b20_sensor_2805e1,13.997787351197916,2025-10-05T23:00:00.000Z
sensor.ds18b20_sensor_2805e1,13.81145123043403,2025-10-06T00:00:00.000Z
sensor.ds18b20_sensor_2805e1,13.75,2025-10-06T01:00:00.000Z
sensor.ds18b20_sensor_2805e1,13.750242511961806,2025-10-06T02:00:00.000Z
sensor.ds18b20_sensor_2805e1,13.864946581111111,2025-10-06T03:00:00.000Z
sensor.ds18b20_sensor_2805e1,14.026188761788193,2025-10-06T04:00:00.000Z
sensor.ds18b20_sensor_2805e1,14.197809519010418,2025-10-06T05:00:00.000Z
sensor.ds18b20_sensor_2805e1,14.332107159114583,2025-10-06T06:00:00.000Z
sensor.ds18b20_sensor_2805e1,14.466501853489582,2025-10-06T07:00:00.000Z
sensor.ds18b20_sensor_2805e1,14.607292086024307,2025-10-06T08:00:00.000Z
sensor.ds18b20_sensor_2805e1,14.732069433246528,2025-10-06T09:00:00.000Z
sensor.ds18b20_sensor_2805e1,14.927100359600693,2025-10-06T10:00:00.000Z
sensor.ds18b20_sensor_2805e1,15.277997008229166,2025-10-06T11:00:00.000Z
sensor.ds18b20_sensor_2805e1,15.4879282384375,2025-10-06T12:00:00.000Z
sensor.ds18b20_sensor_2805e1,15.508451700069443,2025-10-06T13:00:00.000Z
sensor.ds18b20_sensor_2805e1,15.501966848663194,2025-10-06T14:00:00.000Z
sensor.ds18b20_sensor_2805e1,15.481552390659722,2025-10-06T15:00:00.000Z
sensor.ds18b20_sensor_2805e1,15.42473272328125,2025-10-06T16:00:00.000Z
sensor.ds18b20_sensor_2805e1,15.375,2025-10-06T17:00:00.000Z
sensor.ds18b20_sensor_2805e1,15.326014133993056,2025-10-06T18:00:00.000Z
sensor.ds18b20_sensor_2805e1,15.317712994878471,2025-10-06T19:00:00.000Z
sensor.ds18b20_sensor_2805e1,15.3663021753125,2025-10-06T20:00:00.000Z
sensor.ds18b20_sensor_2805e1,15.423488517725694,2025-10-06T21:00:00.000Z
sensor.ds18b20_sensor_2805e1,15.48571903236111,2025-10-06T22:00:00.000Z
sensor.ds18b20_sensor_2805e1,15.53224289484375,2025-10-06T23:00:00.000Z
sensor.ds18b20_sensor_2805e1,15.486961301944445,2025-10-07T00:00:00.000Z
sensor.ds18b20_sensor_2805e1,15.215028321059028,2025-10-07T01:00:00.000Z
sensor.ds18b20_sensor_2805e1,14.892818567309028,2025-10-07T02:00:00.000Z
sensor.ds18b20_sensor_2805e1,14.9375,2025-10-07T02:14:24.115Z
sensor.ds18b20_sensor_2805e1,14.875,2025-10-07T02:24:26.079Z
sensor.ds18b20_sensor_2805e1,14.8125,2025-10-07T02:39:26.832Z
sensor.ds18b20_sensor_2805e1,14.75,2025-10-07T02:54:27.570Z
sensor.ds18b20_sensor_2805e1,14.6875,2025-10-07T03:14:34.270Z
sensor.ds18b20_sensor_2805e1,14.625,2025-10-07T03:29:34.868Z
sensor.ds18b20_sensor_2805e1,14.5625,2025-10-07T03:54:39.914Z
sensor.ds18b20_sensor_2805e1,14.5,2025-10-07T05:19:45.686Z
sensor.ds18b20_sensor_2805e1,14.5625,2025-10-07T05:24:46.163Z
sensor.ds18b20_sensor_2805e1,14.5,2025-10-07T05:29:46.281Z
sensor.ds18b20_sensor_2805e1,14.5625,2025-10-07T06:54:57.685Z
sensor.ds18b20_sensor_2805e1,14.625,2025-10-07T08:15:05.176Z
sensor.ds18b20_sensor_2805e1,14.6875,2025-10-07T08:35:07.269Z
sensor.ds18b20_sensor_2805e1,14.75,2025-10-07T08:45:13.077Z
sensor.ds18b20_sensor_2805e1,14.8125,2025-10-07T08:55:14.718Z
sensor.ds18b20_sensor_2855b9,21.141209648055554,2025-09-27T22:00:00.000Z
sensor.ds18b20_sensor_2855b9,21.12066313623264,2025-09-27T23:00:00.000Z
sensor.ds18b20_sensor_2855b9,21.07294952144097,2025-09-28T00:00:00.000Z
sensor.ds18b20_sensor_2855b9,21.05328156126736,2025-09-28T01:00:00.000Z
sensor.ds18b20_sensor_2855b9,20.990981026979167,2025-09-28T02:00:00.000Z
sensor.ds18b20_sensor_2855b9,20.93389473059028,2025-09-28T03:00:00.000Z
sensor.ds18b20_sensor_2855b9,20.88023241715278,2025-09-28T04:00:00.000Z
sensor.ds18b20_sensor_2855b9,20.829925477881943,2025-09-28T05:00:00.000Z
sensor.ds18b20_sensor_2855b9,20.815571028732638,2025-09-28T06:00:00.000Z
sensor.ds18b20_sensor_2855b9,21.020043410034724,2025-09-28T07:00:00.000Z
sensor.ds18b20_sensor_2855b9,20.53066559029514,2025-09-28T08:00:00.000Z
sensor.ds18b20_sensor_2855b9,26.461973993038196,2025-09-28T09:00:00.000Z
sensor.ds18b20_sensor_2855b9,31.799411504114584,2025-09-28T10:00:00.000Z
sensor.ds18b20_sensor_2855b9,33.27617871157986,2025-09-28T11:00:00.000Z
sensor.ds18b20_sensor_2855b9,28.916568843177085,2025-09-28T12:00:00.000Z
sensor.ds18b20_sensor_2855b9,25.71702839359375,2025-09-28T13:00:00.000Z
sensor.ds18b20_sensor_2855b9,24.298072189982637,2025-09-28T14:00:00.000Z
sensor.ds18b20_sensor_2855b9,22.922628141875,2025-09-28T15:00:00.000Z
sensor.ds18b20_sensor_2855b9,21.147001046562497,2025-09-28T16:00:00.000Z
sensor.ds18b20_sensor_2855b9,19.01266300173611,2025-09-28T17:00:00.000Z
sensor.ds18b20_sensor_2855b9,17.675290692569444,2025-09-28T18:00:00.000Z
sensor.ds18b20_sensor_2855b9,16.7964490096875,2025-09-28T19:00:00.000Z
sensor.ds18b20_sensor_2855b9,16.407268699774306,2025-09-28T20:00:00.000Z
sensor.ds18b20_sensor_2855b9,16.103275670729165,2025-09-28T21:00:00.000Z
sensor.ds18b20_sensor_2855b9,15.807528828368056,2025-09-28T22:00:00.000Z
sensor.ds18b20_sensor_2855b9,15.438065755451388,2025-09-28T23:00:00.000Z
sensor.ds18b20_sensor_2855b9,15.26112848701389,2025-09-29T00:00:00.000Z
sensor.ds18b20_sensor_2855b9,15.0431124246875,2025-09-29T01:00:00.000Z
sensor.ds18b20_sensor_2855b9,14.986762388802083,2025-09-29T02:00:00.000Z
sensor.ds18b20_sensor_2855b9,14.510214728802083,2025-09-29T03:00:00.000Z
sensor.ds18b20_sensor_2855b9,14.347929787743055,2025-09-29T04:00:00.000Z
sensor.ds18b20_sensor_2855b9,14.02954064670139,2025-09-29T05:00:00.000Z
sensor.ds18b20_sensor_2855b9,14.085760465399305,2025-09-29T06:00:00.000Z
sensor.ds18b20_sensor_2855b9,15.66899469263889,2025-09-29T07:00:00.000Z
sensor.ds18b20_sensor_2855b9,19.130739796979167,2025-09-29T08:00:00.000Z
sensor.ds18b20_sensor_2855b9,25.53102847111111,2025-09-29T09:00:00.000Z
sensor.ds18b20_sensor_2855b9,30.485433243888888,2025-09-29T10:00:00.000Z
sensor.ds18b20_sensor_2855b9,30.40532180548611,2025-09-29T11:00:00.000Z
sensor.ds18b20_sensor_2855b9,25.35978639567708,2025-09-29T12:00:00.000Z
sensor.ds18b20_sensor_2855b9,21.57312461368055,2025-09-29T13:00:00.000Z
sensor.ds18b20_sensor_2855b9,19.611190020694444,2025-09-29T14:00:00.000Z
sensor.ds18b20_sensor_2855b9,18.739671908142363,2025-09-29T15:00:00.000Z
sensor.ds18b20_sensor_2855b9,17.996599733038195,2025-09-29T16:00:00.000Z
sensor.ds18b20_sensor_2855b9,17.248663036788194,2025-09-29T17:00:00.000Z
sensor.ds18b20_sensor_2855b9,16.482788617256944,2025-09-29T18:00:00.000Z
sensor.ds18b20_sensor_2855b9,16.090555564062498,2025-09-29T19:00:00.000Z
sensor.ds18b20_sensor_2855b9,15.935539614166666,2025-09-29T20:00:00.000Z
sensor.ds18b20_sensor_2855b9,15.875,2025-09-29T21:00:00.000Z
sensor.ds18b20_sensor_2855b9,15.82152542060764,2025-09-29T22:00:00.000Z
sensor.ds18b20_sensor_2855b9,15.75,2025-09-29T23:00:00.000Z
sensor.ds18b20_sensor_2855b9,15.754824443315973,2025-09-30T00:00:00.000Z
sensor.ds18b20_sensor_2855b9,15.75592552501736,2025-09-30T01:00:00.000Z
sensor.ds18b20_sensor_2855b9,15.775326199982638,2025-09-30T02:00:00.000Z
sensor.ds18b20_sensor_2855b9,15.504611072413196,2025-09-30T03:00:00.000Z
sensor.ds18b20_sensor_2855b9,15.379985385260417,2025-09-30T04:00:00.000Z
sensor.ds18b20_sensor_2855b9,15.223911618159724,2025-09-30T05:00:00.000Z
sensor.ds18b20_sensor_2855b9,15.234335632586806,2025-09-30T06:00:00.000Z
sensor.ds18b20_sensor_2855b9,16.002801765086804,2025-09-30T07:00:00.000Z
sensor.ds18b20_sensor_2855b9,18.018914369218752,2025-09-30T08:00:00.000Z
sensor.ds18b20_sensor_2855b9,24.571662504843747,2025-09-30T09:00:00.000Z
sensor.ds18b20_sensor_2855b9,28.15606632151042,2025-09-30T10:00:00.000Z
sensor.ds18b20_sensor_2855b9,27.119874531875,2025-09-30T11:00:00.000Z
sensor.ds18b20_sensor_2855b9,26.18418108810764,2025-09-30T12:00:00.000Z
sensor.ds18b20_sensor_2855b9,22.736512456961805,2025-09-30T13:00:00.000Z
sensor.ds18b20_sensor_2855b9,21.266093453211806,2025-09-30T14:00:00.000Z
sensor.ds18b20_sensor_2855b9,20.32710338592014,2025-09-30T15:00:00.000Z
sensor.ds18b20_sensor_2855b9,19.137203739270834,2025-09-30T16:00:00.000Z
sensor.ds18b20_sensor_2855b9,18.13135486060764,2025-09-30T17:00:00.000Z
sensor.ds18b20_sensor_2855b9,17.39249007515625,2025-09-30T18:00:00.000Z
sensor.ds18b20_sensor_2855b9,16.98732451671875,2025-09-30T19:00:00.000Z
sensor.ds18b20_sensor_2855b9,16.47278361255208,2025-09-30T20:00:00.000Z
sensor.ds18b20_sensor_2855b9,16.102911616909722,2025-09-30T21:00:00.000Z
sensor.ds18b20_sensor_2855b9,15.754436854965277,2025-09-30T22:00:00.000Z
sensor.ds18b20_sensor_2855b9,15.418147292864584,2025-09-30T23:00:00.000Z
sensor.ds18b20_sensor_2855b9,14.99430983859375,2025-10-01T00:00:00.000Z
sensor.ds18b20_sensor_2855b9,14.689635114652779,2025-10-01T01:00:00.000Z
sensor.ds18b20_sensor_2855b9,14.437448021128473,2025-10-01T02:00:00.000Z
sensor.ds18b20_sensor_2855b9,14.152563166354165,2025-10-01T03:00:00.000Z
sensor.ds18b20_sensor_2855b9,13.942508036875,2025-10-01T04:00:00.000Z
sensor.ds18b20_sensor_2855b9,13.322412592638889,2025-10-01T05:00:00.000Z
sensor.ds18b20_sensor_2855b9,12.347158326597222,2025-10-01T06:00:00.000Z
sensor.ds18b20_sensor_2855b9,12.822499848749999,2025-10-01T07:00:00.000Z
sensor.ds18b20_sensor_2855b9,15.914314235677082,2025-10-01T08:00:00.000Z
sensor.ds18b20_sensor_2855b9,23.977176516545143,2025-10-01T09:00:00.000Z
sensor.ds18b20_sensor_2855b9,27.38325717032986,2025-10-01T10:00:00.000Z
sensor.ds18b20_sensor_2855b9,27.073785334427082,2025-10-01T11:00:00.000Z
sensor.ds18b20_sensor_2855b9,24.515826263003472,2025-10-01T12:00:00.000Z
sensor.ds18b20_sensor_2855b9,22.648288314288195,2025-10-01T13:00:00.000Z
sensor.ds18b20_sensor_2855b9,21.841040485902777,2025-10-01T14:00:00.000Z
sensor.ds18b20_sensor_2855b9,20.70157005796875,2025-10-01T15:00:00.000Z
sensor.ds18b20_sensor_2855b9,19.16836233017361,2025-10-01T16:00:00.000Z
sensor.ds18b20_sensor_2855b9,18.166246860138887,2025-10-01T17:00:00.000Z
sensor.ds18b20_sensor_2855b9,17.044516461562498,2025-10-01T18:00:00.000Z
sensor.ds18b20_sensor_2855b9,16.38444810059028,2025-10-01T19:00:00.000Z
sensor.ds18b20_sensor_2855b9,15.619269709895834,2025-10-01T20:00:00.000Z
sensor.ds18b20_sensor_2855b9,15.053754351649305,2025-10-01T21:00:00.000Z
sensor.ds18b20_sensor_2855b9,14.61482224032986,2025-10-01T22:00:00.000Z
sensor.ds18b20_sensor_2855b9,14.123587430052083,2025-10-01T23:00:00.000Z
sensor.ds18b20_sensor_2855b9,13.812842915086804,2025-10-02T00:00:00.000Z
sensor.ds18b20_sensor_2855b9,13.53195957390625,2025-10-02T01:00:00.000Z
sensor.ds18b20_sensor_2855b9,13.218202281597222,2025-10-02T02:00:00.000Z
sensor.ds18b20_sensor_2855b9,12.923968454201388,2025-10-02T03:00:00.000Z
sensor.ds18b20_sensor_2855b9,12.751557439531249,2025-10-02T04:00:00.000Z
sensor.ds18b20_sensor_2855b9,12.540602354253473,2025-10-02T05:00:00.000Z
sensor.ds18b20_sensor_2855b9,12.441339720833334,2025-10-02T06:00:00.000Z
sensor.ds18b20_sensor_2855b9,12.517558436510418,2025-10-02T07:00:00.000Z
sensor.ds18b20_sensor_2855b9,13.575878044930555,2025-10-02T08:00:00.000Z
sensor.ds18b20_sensor_2855b9,14.375,2025-10-02T09:00:00.000Z
sensor.ds18b20_sensor_2855b9,15.021155894930557,2025-10-02T10:00:00.000Z
sensor.ds18b20_sensor_2855b9,17.46869562607639,2025-10-02T11:00:00.000Z
sensor.ds18b20_sensor_2855b9,19.039958681024306,2025-10-02T12:00:00.000Z
sensor.ds18b20_sensor_2855b9,18.802170823732638,2025-10-02T13:00:00.000Z
sensor.ds18b20_sensor_2855b9,18.676786331371527,2025-10-02T14:00:00.000Z
sensor.ds18b20_sensor_2855b9,17.92793704782986,2025-10-02T15:00:00.000Z
sensor.ds18b20_sensor_2855b9,17.41329452012153,2025-10-02T16:00:00.000Z
sensor.ds18b20_sensor_2855b9,16.87863928564236,2025-10-02T17:00:00.000Z
sensor.ds18b20_sensor_2855b9,16.288269633524305,2025-10-02T18:00:00.000Z
sensor.ds18b20_sensor_2855b9,15.668683943749999,2025-10-02T19:00:00.000Z
sensor.ds18b20_sensor_2855b9,15.152692964618055,2025-10-02T20:00:00.000Z
sensor.ds18b20_sensor_2855b9,14.64829907828125,2025-10-02T21:00:00.000Z
sensor.ds18b20_sensor_2855b9,14.235586531597221,2025-10-02T22:00:00.000Z
sensor.ds18b20_sensor_2855b9,13.836630400434027,2025-10-02T23:00:00.000Z
sensor.ds18b20_sensor_2855b9,13.533828827447918,2025-10-03T00:00:00.000Z
sensor.ds18b20_sensor_2855b9,13.333827255868057,2025-10-03T01:00:00.000Z
sensor.ds18b20_sensor_2855b9,13.195915529131945,2025-10-03T02:00:00.000Z
sensor.ds18b20_sensor_2855b9,12.918644460694445,2025-10-03T03:00:00.000Z
sensor.ds18b20_sensor_2855b9,12.4617944728125,2025-10-03T04:00:00.000Z
sensor.ds18b20_sensor_2855b9,12.071470581875,2025-10-03T05:00:00.000Z
sensor.ds18b20_sensor_2855b9,12,2025-10-03T06:00:00.000Z
sensor.ds18b20_sensor_2855b9,12.036024182673613,2025-10-03T07:00:00.000Z
sensor.ds18b20_sensor_2855b9,12.186940104670137,2025-10-03T08:00:00.000Z
sensor.ds18b20_sensor_2855b9,12.403704488246527,2025-10-03T09:00:00.000Z
sensor.ds18b20_sensor_2855b9,12.898603716006944,2025-10-03T10:00:00.000Z
sensor.ds18b20_sensor_2855b9,13.417107086909724,2025-10-03T11:00:00.000Z
sensor.ds18b20_sensor_2855b9,13.806076999340277,2025-10-03T12:00:00.000Z
sensor.ds18b20_sensor_2855b9,14.363161011128474,2025-10-03T13:00:00.000Z
sensor.ds18b20_sensor_2855b9,14.5390842971875,2025-10-03T14:00:00.000Z
sensor.ds18b20_sensor_2855b9,14.726431731770832,2025-10-03T15:00:00.000Z
sensor.ds18b20_sensor_2855b9,14.24030213376736,2025-10-03T16:00:00.000Z
sensor.ds18b20_sensor_2855b9,12.945434793246527,2025-10-03T17:00:00.000Z
sensor.ds18b20_sensor_2855b9,12.042976483854167,2025-10-03T18:00:00.000Z
sensor.ds18b20_sensor_2855b9,11.670025154305556,2025-10-03T19:00:00.000Z
sensor.ds18b20_sensor_2855b9,11.799593438680555,2025-10-03T20:00:00.000Z
sensor.ds18b20_sensor_2855b9,12.357076959722223,2025-10-03T21:00:00.000Z
sensor.ds18b20_sensor_2855b9,13.16797908217014,2025-10-03T22:00:00.000Z
sensor.ds18b20_sensor_2855b9,14.051119543246527,2025-10-03T23:00:00.000Z
sensor.ds18b20_sensor_2855b9,14.865911830312498,2025-10-04T00:00:00.000Z
sensor.ds18b20_sensor_2855b9,15.749382815729165,2025-10-04T01:00:00.000Z
sensor.ds18b20_sensor_2855b9,16.42753151543403,2025-10-04T02:00:00.000Z
sensor.ds18b20_sensor_2855b9,16.939261767361113,2025-10-04T03:00:00.000Z
sensor.ds18b20_sensor_2855b9,15.422355137916668,2025-10-04T04:00:00.000Z
sensor.ds18b20_sensor_2855b9,14.57803336876736,2025-10-04T05:00:00.000Z
sensor.ds18b20_sensor_2855b9,14.308300915503473,2025-10-04T06:00:00.000Z
sensor.ds18b20_sensor_2855b9,14.190584876024305,2025-10-04T07:00:00.000Z
sensor.ds18b20_sensor_2855b9,14.959891497465279,2025-10-04T08:00:00.000Z
sensor.ds18b20_sensor_2855b9,17.453720746788196,2025-10-04T09:00:00.000Z
sensor.ds18b20_sensor_2855b9,19.091339577083335,2025-10-04T10:00:00.000Z
sensor.ds18b20_sensor_2855b9,19.34101300857639,2025-10-04T11:00:00.000Z
sensor.ds18b20_sensor_2855b9,17.233283737413192,2025-10-04T12:00:00.000Z
sensor.ds18b20_sensor_2855b9,15.786563738368054,2025-10-04T13:00:00.000Z
sensor.ds18b20_sensor_2855b9,14.927856906336805,2025-10-04T14:00:00.000Z
sensor.ds18b20_sensor_2855b9,14.04056859529514,2025-10-04T15:00:00.000Z
sensor.ds18b20_sensor_2855b9,13.117180867395833,2025-10-04T16:00:00.000Z
sensor.ds18b20_sensor_2855b9,13.334821527586804,2025-10-04T17:00:00.000Z
sensor.ds18b20_sensor_2855b9,13.867325886267361,2025-10-04T18:00:00.000Z
sensor.ds18b20_sensor_2855b9,14.12575372357639,2025-10-04T19:00:00.000Z
sensor.ds18b20_sensor_2855b9,14.303493400295139,2025-10-04T20:00:00.000Z
sensor.ds18b20_sensor_2855b9,14.371075605711807,2025-10-04T21:00:00.000Z
sensor.ds18b20_sensor_2855b9,14.316576948819446,2025-10-04T22:00:00.000Z
sensor.ds18b20_sensor_2855b9,14.28489291375,2025-10-04T23:00:00.000Z
sensor.ds18b20_sensor_2855b9,14.097373553159722,2025-10-05T00:00:00.000Z
sensor.ds18b20_sensor_2855b9,13.952687347569444,2025-10-05T01:00:00.000Z
sensor.ds18b20_sensor_2855b9,13.813242201493056,2025-10-05T02:00:00.000Z
sensor.ds18b20_sensor_2855b9,13.331187741128472,2025-10-05T03:00:00.000Z
sensor.ds18b20_sensor_2855b9,13.030725477256944,2025-10-05T04:00:00.000Z
sensor.ds18b20_sensor_2855b9,13.182559185833334,2025-10-05T05:00:00.000Z
sensor.ds18b20_sensor_2855b9,13.034625016684027,2025-10-05T06:00:00.000Z
sensor.ds18b20_sensor_2855b9,13.160249159444446,2025-10-05T07:00:00.000Z
sensor.ds18b20_sensor_2855b9,13.55184096012153,2025-10-05T08:00:00.000Z
sensor.ds18b20_sensor_2855b9,13.365959487274305,2025-10-05T09:00:00.000Z
sensor.ds18b20_sensor_2855b9,13.756478886006946,2025-10-05T10:00:00.000Z
sensor.ds18b20_sensor_2855b9,13.774752833038194,2025-10-05T11:00:00.000Z
sensor.ds18b20_sensor_2855b9,14.328091694687501,2025-10-05T12:00:00.000Z
sensor.ds18b20_sensor_2855b9,14.422326232291667,2025-10-05T13:00:00.000Z
sensor.ds18b20_sensor_2855b9,13.787095458940973,2025-10-05T14:00:00.000Z
sensor.ds18b20_sensor_2855b9,13.902522370625,2025-10-05T15:00:00.000Z
sensor.ds18b20_sensor_2855b9,14.147209444357637,2025-10-05T16:00:00.000Z
sensor.ds18b20_sensor_2855b9,14.05147639310764,2025-10-05T17:00:00.000Z
sensor.ds18b20_sensor_2855b9,13.91331999251736,2025-10-05T18:00:00.000Z
sensor.ds18b20_sensor_2855b9,13.899769218732638,2025-10-05T19:00:00.000Z
sensor.ds18b20_sensor_2855b9,13.839841274652779,2025-10-05T20:00:00.000Z
sensor.ds18b20_sensor_2855b9,14.013096882083333,2025-10-05T21:00:00.000Z
sensor.ds18b20_sensor_2855b9,13.942604069774305,2025-10-05T22:00:00.000Z
sensor.ds18b20_sensor_2855b9,13.601905293159723,2025-10-05T23:00:00.000Z
sensor.ds18b20_sensor_2855b9,13.517177081423611,2025-10-06T00:00:00.000Z
sensor.ds18b20_sensor_2855b9,13.56758723201389,2025-10-06T01:00:00.000Z
sensor.ds18b20_sensor_2855b9,13.756601265954862,2025-10-06T02:00:00.000Z
sensor.ds18b20_sensor_2855b9,14.00572641142361,2025-10-06T03:00:00.000Z
sensor.ds18b20_sensor_2855b9,14.198061760989583,2025-10-06T04:00:00.000Z
sensor.ds18b20_sensor_2855b9,14.327766862725696,2025-10-06T05:00:00.000Z
sensor.ds18b20_sensor_2855b9,14.462367636701389,2025-10-06T06:00:00.000Z
sensor.ds18b20_sensor_2855b9,14.597561622239583,2025-10-06T07:00:00.000Z
sensor.ds18b20_sensor_2855b9,14.680249451631944,2025-10-06T08:00:00.000Z
sensor.ds18b20_sensor_2855b9,14.839154574010417,2025-10-06T09:00:00.000Z
sensor.ds18b20_sensor_2855b9,15.234472951788193,2025-10-06T10:00:00.000Z
sensor.ds18b20_sensor_2855b9,15.510432364548612,2025-10-06T11:00:00.000Z
sensor.ds18b20_sensor_2855b9,15.390451791076389,2025-10-06T12:00:00.000Z
sensor.ds18b20_sensor_2855b9,15.364628693680556,2025-10-06T13:00:00.000Z
sensor.ds18b20_sensor_2855b9,15.272835767899307,2025-10-06T14:00:00.000Z
sensor.ds18b20_sensor_2855b9,15.181640935711805,2025-10-06T15:00:00.000Z
sensor.ds18b20_sensor_2855b9,15.174446324409722,2025-10-06T16:00:00.000Z
sensor.ds18b20_sensor_2855b9,15.127888030069444,2025-10-06T17:00:00.000Z
sensor.ds18b20_sensor_2855b9,15.163544710607638,2025-10-06T18:00:00.000Z
sensor.ds18b20_sensor_2855b9,15.199835585746527,2025-10-06T19:00:00.000Z
sensor.ds18b20_sensor_2855b9,15.310683734479168,2025-10-06T20:00:00.000Z
sensor.ds18b20_sensor_2855b9,15.375,2025-10-06T21:00:00.000Z
sensor.ds18b20_sensor_2855b9,15.402179176440972,2025-10-06T22:00:00.000Z
sensor.ds18b20_sensor_2855b9,15.419938716215277,2025-10-06T23:00:00.000Z
sensor.ds18b20_sensor_2855b9,15.012814858645832,2025-10-07T00:00:00.000Z
sensor.ds18b20_sensor_2855b9,14.558036242413195,2025-10-07T01:00:00.000Z
sensor.ds18b20_sensor_2855b9,14.300321406371529,2025-10-07T02:00:00.000Z
sensor.ds18b20_sensor_2855b9,14.3125,2025-10-07T02:14:24.113Z
sensor.ds18b20_sensor_2855b9,14.25,2025-10-07T02:39:26.830Z
sensor.ds18b20_sensor_2855b9,14.1875,2025-10-07T02:54:27.568Z
sensor.ds18b20_sensor_2855b9,14.25,2025-10-07T03:14:34.268Z
sensor.ds18b20_sensor_2855b9,14.3125,2025-10-07T03:54:39.913Z
sensor.ds18b20_sensor_2855b9,14.25,2025-10-07T04:44:43.863Z
sensor.ds18b20_sensor_2855b9,14.3125,2025-10-07T05:54:48.818Z
sensor.ds18b20_sensor_2855b9,14.375,2025-10-07T06:24:55.301Z
sensor.ds18b20_sensor_2855b9,14.4375,2025-10-07T07:45:01.558Z
sensor.ds18b20_sensor_2855b9,14.5,2025-10-07T08:00:03.514Z
sensor.ds18b20_sensor_2855b9,14.5625,2025-10-07T08:05:04.317Z
sensor.ds18b20_sensor_2855b9,14.625,2025-10-07T08:10:04.716Z
sensor.ds18b20_sensor_2855b9,14.6875,2025-10-07T08:20:05.937Z
sensor.ds18b20_sensor_2855b9,14.75,2025-10-07T08:25:06.998Z
sensor.ds18b20_sensor_2855b9,14.8125,2025-10-07T08:30:07.128Z
sensor.ds18b20_sensor_2855b9,14.9375,2025-10-07T08:35:07.267Z
sensor.ds18b20_sensor_2855b9,15,2025-10-07T08:40:12.933Z
sensor.ds18b20_sensor_2855b9,15.0625,2025-10-07T08:45:13.075Z
sensor.ds18b20_sensor_2855b9,15.1875,2025-10-07T08:50:13.876Z
sensor.ds18b20_sensor_2855b9,15.25,2025-10-07T08:55:14.717Z
