date,temperature_2m_mean,temperature_2m_max,temperature_2m_min,daylight_duration,sunshine_duration,sunset,sunrise,weather_code,shortwave_radiation_sum,apparent_temperature_min,apparent_temperature_mean,apparent_temperature_max
2018-12-31 22:00:00+00:00,7.89875,9.4675,6.8175,28281.55,4872.618,1546357276,1546328990,51.0,1.33,0.55717325,3.5255435,5.9665747
2019-01-01 22:00:00+00:00,6.055001,6.9175,3.5175,28353.607,2806.4663,1546443740,1546415381,51.0,1.36,0.20817518,1.2329372,2.1655865
2019-01-02 22:00:00+00:00,4.959167,6.3175,3.8675,28432.305,7850.966,1546530207,1546501769,51.0,1.54,0.7665138,2.0353227,3.6389813
2019-01-03 22:00:00+00:00,5.165417,6.6175003,3.9175,28517.426,2969.1567,1546616677,1546588153,51.0,1.44,0.21888924,1.700038,3.0441828
2019-01-04 22:00:00+00:00,7.1570835,7.8175,6.2675004,28608.756,1269.3064,1546703150,1546674535,51.0,1.41,2.5319433,3.0632343,3.625597
2019-01-05 22:00:00+00:00,5.794584,7.0175004,4.0675,28706.074,2327.1753,1546789626,1546760913,3.0,1.6,1.6664667,2.596054,3.820691
2019-01-06 22:00:00+00:00,6.4737506,9.5175,1.6175,28809.164,0.0,1546876104,1546847288,51.0,0.69,-1.3553681,2.975097,4.9099646
2019-01-07 22:00:00+00:00,7.4425006,9.5675,6.2675004,28917.8,15757.787,1546962585,1546933660,51.0,2.35,-0.3822217,0.93979317,4.4799376
2019-01-08 22:00:00+00:00,5.046667,6.6175003,3.5674999,29031.768,22314.92,1547049068,1547020028,51.0,3.61,-1.2593861,-0.30644134,1.7180614
2019-01-09 22:00:00+00:00,3.0800002,5.3675003,0.51750004,29150.848,0.0,1547135554,1547106394,51.0,1.25,-2.787864,-0.09037962,3.0101943
2019-01-10 22:00:00+00:00,6.9654164,8.0675,4.4675,29274.822,3432.503,1547222041,1547192757,51.0,1.16,1.475421,3.566892,4.9214153
2019-01-11 22:00:00+00:00,6.925833,8.5175,5.0175004,29403.469,0.0,1547308529,1547279117,53.0,1.06,1.0516386,2.645704,3.6748638
2019-01-12 22:00:00+00:00,8.717499,9.6675,7.6175003,29536.586,0.0,1547395020,1547365473,53.0,0.78,2.1240597,4.0889916,5.190407
2019-01-13 22:00:00+00:00,5.9550004,7.1175003,4.6675,29673.955,21748.305,1547481511,1547451827,53.0,3.45,0.07165432,0.95299107,1.8583751
2019-01-14 22:00:00+00:00,6.2175,7.9675,3.6675,29815.367,17913.828,1547568004,1547538179,3.0,2.64,-0.40318704,1.9207138,3.1872606
2019-01-15 22:00:00+00:00,6.4445825,7.9175,5.1675,29960.617,263.2434,1547654498,1547624527,53.0,1.43,-0.08510876,1.3810449,3.6324286
2019-01-16 22:00:00+00:00,4.113333,6.0675,2.7675,30109.502,13551.718,1547740992,1547710872,71.0,2.45,-2.1714172,-0.38236463,1.8397303
2019-01-17 22:00:00+00:00,1.57375,4.5175004,-1.5825,30261.83,17637.678,1547827488,1547797215,3.0,3.99,-5.1296554,-2.0470564,0.81122303
2019-01-18 22:00:00+00:00,-0.52208334,2.9175,-2.6825001,30417.613,25560.64,1547913984,1547883555,3.0,4.96,-7.2638836,-4.917949,-1.6363616
2019-01-19 22:00:00+00:00,-2.7095833,2.1675,-5.9325,30578.54,25747.451,1548000482,1547969891,1.0,5.31,-10.192683,-7.0260043,-2.03024
2019-01-20 22:00:00+00:00,-1.9887496,5.0175004,-6.6324997,30744.717,25444.451,1548086981,1548056225,3.0,5.04,-10.248013,-5.7315392,1.4705696
2019-01-21 22:00:00+00:00,-0.9741667,1.1175,-2.7825,30915.832,0.0,1548173483,1548142555,73.0,1.29,-8.034,-6.2861886,-3.6452374
2019-01-22 22:00:00+00:00,-0.8283333,0.7175,-1.7325001,31091.562,14035.241,1548259986,1548228882,3.0,4.0,-6.083467,-4.9583087,-3.5313148
2019-01-23 22:00:00+00:00,-0.32625,3.0674999,-3.0325,31271.598,16094.475,1548346491,1548315207,3.0,3.85,-6.212846,-3.4976885,-0.40969896
2019-01-24 22:00:00+00:00,1.4341666,8.2175,-1.4325,31455.637,0.0,1548432997,1548401529,71.0,1.02,-4.79385,-2.630751,4.571041
2019-01-25 22:00:00+00:00,7.3258343,8.0675,6.2675004,31643.375,4923.7925,1548519505,1548487848,51.0,2.24,1.971951,2.9340937,4.2731934
2019-01-26 22:00:00+00:00,5.946667,7.5675,4.2675004,31834.533,8047.404,1548606013,1548574165,61.0,2.14,-2.0411396,0.763397,3.1220431
2019-01-27 22:00:00+00:00,4.3279166,5.8175,3.1175,32028.824,20622.299,1548692522,1548660479,55.0,4.17,-3.7369008,-1.7245193,-0.5067084
2019-01-28 22:00:00+00:00,1.8716666,4.2175,-0.5825,32225.967,27139.578,1548779032,1548746792,51.0,5.91,-5.437001,-2.5312736,-0.47279525
2019-01-29 22:00:00+00:00,0.83208346,2.1675,-0.4825,32425.697,0.0,1548865542,1548833102,73.0,1.77,-4.2577205,-2.867235,-1.3603373
2019-01-30 22:00:00+00:00,-0.43041667,2.6675,-2.6825001,32627.758,28084.967,1548952053,1548919411,71.0,5.5,-6.9989405,-4.568811,-1.7090452
2019-01-31 22:00:00+00:00,0.95083326,3.5674999,-1.7825,32831.887,9196.455,1549038564,1549005718,75.0,2.63,-7.178234,-3.01035,0.61171865
2019-02-01 22:00:00+00:00,1.9591666,2.9675,0.4675,33037.832,0.0,1549125075,1549092023,73.0,1.02,-2.7819457,-1.6594582,-0.6720829
2019-02-02 22:00:00+00:00,2.0987499,6.0175004,-0.082499996,33245.363,28561.953,1549211586,1549178326,3.0,5.8,-4.2212167,-1.4189519,2.296485
2019-02-03 22:00:00+00:00,1.6133332,3.8675,-0.4825,33454.246,0.0,1549298097,1549264628,71.0,1.71,-5.6264806,-4.07857,-1.0631139
2019-02-04 22:00:00+00:00,4.282084,6.6175003,2.8174999,33664.242,12957.776,1549384608,1549350929,51.0,3.59,-0.9895811,0.5772404,3.4875956
2019-02-05 22:00:00+00:00,5.5237503,7.5175004,2.3675,33875.137,0.0,1549471119,1549437228,55.0,0.86,-2.3584423,1.5507517,4.376831
2019-02-06 22:00:00+00:00,7.9862494,9.367499,5.9175,34086.71,28809.562,1549557628,1549523527,61.0,6.79,0.3031621,2.3766868,4.4646225
2019-02-07 22:00:00+00:00,7.7133336,9.5675,5.0175004,34299.02,0.0,1549644138,1549609824,51.0,2.48,0.433877,2.1053543,3.611775
2019-02-08 22:00:00+00:00,8.155,9.8175,6.9675,34514.05,29098.639,1549730648,1549696118,61.0,7.32,0.18014336,1.6305138,3.3119254
2019-02-09 22:00:00+00:00,6.765417,9.2175,4.5175004,34732.062,0.0,1549817158,1549782411,63.0,1.54,-1.7506895,2.1840727,4.768774
2019-02-10 22:00:00+00:00,5.102917,7.7675004,2.0674999,34952.8,29286.404,1549903669,1549868700,51.0,6.04,-1.0316577,0.6698653,3.090767
2019-02-11 22:00:00+00:00,4.9945836,8.9675,2.1675,35176.008,27349.012,1549990180,1549954988,51.0,6.21,-1.3398798,1.1946764,4.3409986
2019-02-12 22:00:00+00:00,5.302917,8.6675,3.2675,35401.445,20591.525,1550076692,1550041274,3.0,5.89,-0.9501233,1.4435216,4.950712
2019-02-13 22:00:00+00:00,4.7029166,11.367499,-0.2325,35628.875,31203.914,1550163203,1550127558,3.0,8.66,-3.5433812,1.5023432,8.98529
2019-02-14 22:00:00+00:00,6.034167,13.3175,0.8175,35858.066,31600.113,1550249715,1550213841,0.0,9.0,-2.9915693,2.6300871,10.513749
2019-02-15 22:00:00+00:00,6.5695825,12.117499,3.0175,36088.797,31343.994,1550336227,1550300122,2.0,8.91,-0.8186679,3.3262262,9.174823
2019-02-16 22:00:00+00:00,7.6008325,14.4175,2.8675,36320.844,32144.229,1550422738,1550386401,3.0,9.13,-0.8477273,4.0433183,10.78042
2019-02-17 22:00:00+00:00,6.990416,13.0675,3.2175,36554.004,32394.984,1550509250,1550472679,3.0,8.96,-0.15900135,4.0786815,10.576015
2019-02-18 22:00:00+00:00,7.0841675,9.5675,5.0675,36788.055,31284.41,1550595761,1550558957,51.0,8.36,1.1594286,3.1112413,4.615803
2019-02-19 22:00:00+00:00,6.5695825,10.3175,3.6675,37022.81,19982.215,1550682273,1550645233,3.0,6.14,0.03496313,2.8813498,6.3439846
2019-02-20 22:00:00+00:00,7.104999,10.0675,4.8675003,37258.066,4369.8486,1550768783,1550731509,61.0,3.43,1.2818365,3.8132286,6.2602224
2019-02-21 22:00:00+00:00,8.444583,12.1675,3.8174999,37493.625,16937.277,1550855294,1550817784,3.0,5.49,1.2365422,6.7349563,11.007551
2019-02-22 22:00:00+00:00,7.6425,12.0675,4.4175,37729.305,33650.016,1550941804,1550904058,3.0,10.16,1.107944,4.808065,9.777002
2019-02-23 22:00:00+00:00,5.77375,13.0675,0.017500002,37964.91,33899.863,1551028314,1550990332,51.0,10.38,-3.3354094,2.783131,10.986791
2019-02-24 22:00:00+00:00,7.3695827,15.4175,1.8175,38200.266,34148.883,1551114823,1551076606,51.0,10.76,-1.3861027,4.6290817,13.1857395
2019-02-25 22:00:00+00:00,7.711249,16.567501,1.1675,38435.195,34396.89,1551201331,1551162879,0.0,11.01,-2.1202743,5.3627524,15.440136
2019-02-26 22:00:00+00:00,8.325832,15.3175,3.7675,38669.516,34643.7,1551287839,1551249153,0.0,11.26,0.8311119,5.794037,13.19805
2019-02-27 22:00:00+00:00,7.9279156,12.1675,4.7675004,38903.3,15969.594,1551374346,1551335426,51.0,6.59,1.9955654,4.6100335,7.8502483
2019-02-28 22:00:00+00:00,6.8925,8.1675,5.2175,39138.42,1799.1423,1551460853,1551421698,53.0,3.93,2.4660225,3.6149352,5.3537455
2019-03-01 22:00:00+00:00,7.6862493,11.2175,4.5175004,39375.168,16051.453,1551547360,1551507968,51.0,6.22,1.7127886,4.136807,6.960781
2019-03-02 22:00:00+00:00,10.884166,11.9675,9.4175,39613.37,0.0,1551633867,1551594237,53.0,2.22,4.337879,6.0348907,7.498728
2019-03-03 22:00:00+00:00,8.748751,12.5675,4.9175,39852.85,24804.07,1551720374,1551680504,61.0,7.84,-0.5208974,2.1548727,6.794895
2019-03-04 22:00:00+00:00,6.9175,9.5675,4.7675004,40093.434,35715.8,1551806881,1551766771,51.0,10.64,-0.826082,1.9561831,4.422864
2019-03-05 22:00:00+00:00,8.888333,10.6675,6.3675003,40334.953,0.0,1551893388,1551853036,53.0,2.19,2.7268934,4.6285105,6.43962
2019-03-06 22:00:00+00:00,8.91125,10.117499,7.0675,40577.254,32338.094,1551979895,1551939300,63.0,10.3,0.3163476,3.4176226,6.904496
2019-03-07 22:00:00+00:00,7.400833,9.5675,5.6175003,40820.164,28800.0,1552066401,1552025564,61.0,10.48,0.42940664,2.4660063,4.5340834
2019-03-08 22:00:00+00:00,8.627915,10.8175,6.8175,41063.527,25200.0,1552152907,1552111827,61.0,7.64,1.0817151,3.0657742,4.30052
2019-03-09 22:00:00+00:00,6.252918,10.6675,4.0675,41307.188,5420.67,1552239413,1552198089,61.0,3.41,-2.124127,1.2594471,5.0849934
2019-03-10 22:00:00+00:00,5.3175,7.2675004,3.1675,41550.98,31186.365,1552325919,1552284351,71.0,9.72,-2.9781928,-1.176467,0.91986465
2019-03-11 22:00:00+00:00,6.0508327,8.9175,2.7675,41794.76,0.0,1552412425,1552370613,63.0,2.51,-2.523332,0.15653001,2.5335364
2019-03-12 22:00:00+00:00,6.815416,8.4175,5.2175,42038.375,13417.011,1552498930,1552456874,61.0,5.13,-1.0687041,0.44818115,2.4820924
2019-03-13 22:00:00+00:00,8.265416,11.4175,6.6675,42281.664,21647.271,1552585435,1552543136,61.0,6.26,1.1868482,2.7137878,5.618662
2019-03-14 22:00:00+00:00,9.552917,12.7675,7.4675,42524.477,4940.0645,1552671940,1552629398,55.0,4.37,2.6142406,5.167755,7.1903973
2019-03-15 22:00:00+00:00,9.988333,11.8175,8.2175,42766.66,8027.414,1552758444,1552715660,61.0,5.81,2.8154922,4.411786,5.94088
2019-03-16 22:00:00+00:00,7.1841674,10.7175,4.3175,43008.07,32884.812,1552844948,1552801923,61.0,11.21,-0.3690133,1.7131003,4.1052647
2019-03-17 22:00:00+00:00,5.5029163,8.2175,0.5675,43248.54,38493.555,1552931452,1552888186,51.0,12.47,-2.9474125,1.1741,3.3622465
2019-03-18 22:00:00+00:00,4.6112504,10.8175,-1.5825,43487.926,38708.977,1553017955,1552974450,51.0,12.75,-5.502911,1.7343189,8.18931
2019-03-19 22:00:00+00:00,8.336249,12.117499,5.2175,43726.285,13910.567,1553104458,1553060714,3.0,7.58,2.1623163,5.584439,9.29076
2019-03-20 22:00:00+00:00,8.671666,11.7175,5.3675003,43965.336,22344.025,1553190960,1553146978,3.0,8.98,2.8719506,6.50174,9.726691
2019-03-21 22:00:00+00:00,8.667499,16.1175,3.6175,44205.355,33253.46,1553277463,1553233241,3.0,14.79,1.2732806,6.6464806,13.923706
2019-03-22 22:00:00+00:00,8.275832,11.617499,4.7175,44446.21,8528.762,1553363966,1553319503,3.0,7.01,1.5001397,5.658524,9.525399
2019-03-23 22:00:00+00:00,5.2654166,9.617499,0.4175,44687.76,40408.99,1553450469,1553405764,3.0,15.64,-2.542959,2.072813,5.9107275
2019-03-24 22:00:00+00:00,7.315417,8.867499,4.6675,44929.87,39765.883,1553536972,1553492025,51.0,11.23,0.1299262,1.4795758,2.6911073
2019-03-25 22:00:00+00:00,6.8237495,9.9175,4.1175003,45172.402,36051.055,1553623475,1553578285,51.0,10.56,1.0512924,3.4059541,5.931574
2019-03-26 22:00:00+00:00,7.1029162,11.5675,2.9175,45415.22,34721.35,1553709978,1553664545,51.0,9.95,0.060578823,4.523252,8.728504
2019-03-27 22:00:00+00:00,8.402917,10.8175,5.5675,45658.176,1049.2836,1553796481,1553750805,51.0,5.67,3.6324148,6.496509,8.871266
2019-03-28 22:00:00+00:00,8.119583,15.617499,1.9675,45901.145,37553.406,1553882983,1553837065,3.0,16.16,-0.24194288,6.4177766,13.955128
2019-03-29 22:00:00+00:00,10.719584,17.1175,6.5175004,46143.97,41213.68,1553969486,1553923325,51.0,14.52,4.413658,8.912916,15.803963
2019-03-30 22:00:00+00:00,8.127917,11.5675,5.2675004,46386.52,32220.564,1554055989,1554009585,3.0,11.24,0.014716148,4.292996,7.0043316
2019-03-31 22:00:00+00:00,6.832083,13.2175,1.1675,46628.64,42163.695,1554142491,1554095846,0.0,18.55,-3.7125053,2.7821596,10.058977
2019-04-01 22:00:00+00:00,9.477916,15.117499,6.3175,46870.195,26838.87,1554228994,1554182107,61.0,10.6,3.0384111,6.3925004,12.039267
2019-04-02 22:00:00+00:00,6.3820834,9.9175,2.5674999,47111.035,41307.97,1554315496,1554268368,71.0,14.61,-0.6932223,3.040783,6.223627
2019-04-03 22:00:00+00:00,5.655,9.5175,1.4175,47351.004,24087.941,1554401999,1554354631,51.0,11.82,-1.5948453,2.783552,6.866495
2019-04-04 22:00:00+00:00,7.1737494,12.1675,1.6175,47589.95,37283.293,1554488501,1554440894,3.0,15.78,-1.5425203,4.06197,9.180443
2019-04-05 22:00:00+00:00,9.457084,13.2175,7.3675003,47827.71,5283.6543,1554575003,1554527158,51.0,7.28,4.8328323,7.072986,10.843099
2019-04-06 22:00:00+00:00,13.296666,19.7675,8.617499,48064.137,41863.613,1554661504,1554613423,51.0,18.26,6.609296,11.347453,18.169449
2019-04-07 22:00:00+00:00,12.021667,18.817501,7.2675004,48299.055,42992.473,1554748006,1554699690,61.0,17.7,5.10081,10.453874,18.961678
2019-04-08 22:00:00+00:00,9.946666,14.117499,5.9675,48532.508,43637.766,1554834507,1554785958,3.0,18.07,2.3707213,6.1943707,10.014109
2019-04-09 22:00:00+00:00,6.421667,10.1675,2.5674999,48766.13,44799.07,1554921008,1554872226,3.0,21.15,-2.79055,1.2894679,5.724305
2019-04-10 22:00:00+00:00,5.4612503,9.0175,0.86749995,49000.207,36187.727,1555007510,1554958493,3.0,15.81,-3.4745793,0.95012075,4.737753
2019-04-11 22:00:00+00:00,5.4654164,8.0175,1.8675,49234.586,32323.889,1555094012,1555044761,3.0,13.28,-1.6344173,1.1717848,3.4144063
2019-04-12 22:00:00+00:00,3.3029168,7.5675,-0.88250005,49469.125,45346.43,1555180514,1555131028,51.0,18.96,-4.6974893,-0.9396536,3.4011712
2019-04-13 22:00:00+00:00,4.3425,9.5675,-1.0825,49703.684,40360.074,1555267016,1555217296,51.0,16.35,-4.9090548,0.17734702,4.752451
2019-04-14 22:00:00+00:00,8.338333,14.7675,1.5675,49938.11,45601.273,1555353519,1555303564,3.0,18.28,-1.7830555,4.4760623,11.319466
2019-04-15 22:00:00+00:00,11.53,17.3675,5.8675003,50172.258,41433.387,1555440021,1555389832,3.0,19.77,1.5454669,7.9032173,13.940269
2019-04-16 22:00:00+00:00,11.719583,15.367499,7.6675,50405.973,20285.053,1555526524,1555476101,51.0,10.83,5.7239122,10.139698,13.988062
2019-04-17 22:00:00+00:00,14.486249,20.167501,8.617499,50639.086,45979.023,1555613026,1555562371,1.0,21.83,5.145919,11.645538,17.694588
2019-04-18 22:00:00+00:00,15.6675005,21.7675,10.3175,50871.45,46218.977,1555699529,1555648641,2.0,22.13,6.739973,13.076168,19.682426
2019-04-19 22:00:00+00:00,15.752917,22.5175,8.9675,51102.887,46421.09,1555786031,1555734912,0.0,22.82,6.413621,13.492523,20.898748
2019-04-20 22:00:00+00:00,14.777915,21.7175,7.5675,51333.24,46633.723,1555872533,1555821184,0.0,23.2,4.379422,12.663379,20.515068
2019-04-21 22:00:00+00:00,16.529999,23.567501,8.867499,51562.31,46855.996,1555959035,1555907457,2.0,23.23,6.386799,13.671411,20.841278
2019-04-22 22:00:00+00:00,15.667499,20.667501,10.1675,51789.93,46991.08,1556045537,1555993731,3.0,23.21,6.057438,12.096831,17.400112
2019-04-23 22:00:00+00:00,16.89458,23.2175,12.4675,52015.906,43106.773,1556132039,1556080007,53.0,20.01,10.460805,14.0886965,19.712551
2019-04-24 22:00:00+00:00,12.240415,17.3675,9.0675,52240.055,7604.84,1556218540,1556166284,61.0,8.89,6.0369854,9.205211,13.209118
2019-04-25 22:00:00+00:00,11.657083,15.9675,7.8175,52462.17,44778.355,1556305041,1556252563,51.0,19.15,5.389593,8.865319,13.035694
2019-04-26 22:00:00+00:00,10.409165,12.3175,9.3175,52682.055,36322.66,1556391541,1556338844,55.0,16.53,4.6355963,5.708692,6.9991035
2019-04-27 22:00:00+00:00,9.194583,11.9675,6.4675,52899.5,34439.535,1556478041,1556425126,53.0,13.28,2.5402346,6.2545223,9.68825
2019-04-28 22:00:00+00:00,9.29875,14.7175,4.1175003,53114.492,45107.68,1556564540,1556511411,51.0,18.96,1.7289133,6.9429593,12.922871
2019-04-29 22:00:00+00:00,10.621665,12.9675,8.5675,53328.64,5614.7695,1556651040,1556597696,3.0,9.68,5.892009,8.342736,11.498041
2019-04-30 22:00:00+00:00,9.659165,12.8175,6.6675,53542.184,25634.8,1556737540,1556683982,3.0,13.94,4.8174896,7.8312936,11.078065
2019-05-01 22:00:00+00:00,9.348749,12.9175,5.0175004,53754.953,26118.723,1556824039,1556770269,53.0,11.86,2.6287107,6.9120145,11.065316
2019-05-02 22:00:00+00:00,8.1987505,10.7175,6.0675,53966.785,21600.0,1556910539,1556856557,53.0,12.64,3.2200212,5.0720897,7.521391
2019-05-03 22:00:00+00:00,7.01125,9.7675,4.2675004,54177.496,48573.777,1556997039,1556942846,51.0,21.2,-0.22809696,2.1616483,3.9887857
2019-05-04 22:00:00+00:00,7.305,10.3175,4.7175,54386.902,48658.91,1557083538,1557029137,51.0,20.57,1.0559602,2.978687,5.2577696
2019-05-05 22:00:00+00:00,7.5966663,11.4675,4.2175,54594.82,34303.387,1557170038,1557115428,51.0,14.43,1.1951013,4.11868,7.057127
2019-05-06 22:00:00+00:00,8.671666,12.867499,3.6675,54801.05,43231.855,1557256537,1557201721,51.0,17.39,1.1905642,5.9573836,9.6328125
2019-05-07 22:00:00+00:00,9.794583,13.5675,7.8175,55005.4,13294.721,1557343035,1557288015,61.0,7.56,4.156044,6.4422092,10.10075
2019-05-08 22:00:00+00:00,11.577915,14.9175,7.7675004,55207.645,47889.49,1557429533,1557374311,61.0,19.79,4.3590765,8.669399,13.3192005
2019-05-09 22:00:00+00:00,10.346665,12.4175,7.6175003,55407.598,44963.703,1557516030,1557460609,55.0,17.02,5.102436,8.158467,10.366238
2019-05-10 22:00:00+00:00,9.440416,13.9175,6.1675,55605.02,50282.02,1557602527,1557546908,51.0,24.27,3.0245786,5.805231,10.89496
2019-05-11 22:00:00+00:00,8.923749,12.4175,4.5675,55799.695,50245.9,1557689022,1557633209,3.0,20.18,1.511004,5.287046,8.845922
2019-05-12 22:00:00+00:00,9.152916,14.4675,3.0175,55991.395,51311.82,1557775517,1557719512,2.0,25.54,0.29472637,6.253941,12.023508
2019-05-13 22:00:00+00:00,10.302917,15.4175,4.9675,56179.883,50425.75,1557862011,1557805818,3.0,25.53,1.9417248,7.177109,12.982534
2019-05-14 22:00:00+00:00,11.498749,16.2175,5.5675,56364.9,49507.855,1557948503,1557892125,3.0,26.99,2.8237944,8.498132,13.587978
2019-05-15 22:00:00+00:00,11.690415,17.0175,7.3175,56546.223,51959.273,1558034994,1557978435,3.0,22.72,3.474906,8.044698,13.739534
2019-05-16 22:00:00+00:00,11.72375,13.9675,9.1675,56723.574,12086.854,1558121484,1558064748,3.0,10.67,7.028406,9.307709,11.5159025
2019-05-17 22:00:00+00:00,13.184165,18.7675,7.3675003,56896.703,50755.27,1558207972,1558151063,51.0,24.02,6.285242,12.314915,19.94918
2019-05-18 22:00:00+00:00,13.590416,17.6175,11.367499,57065.523,15296.657,1558294458,1558237381,53.0,13.26,9.404045,11.912805,16.347214
2019-05-19 22:00:00+00:00,12.827916,15.117499,11.367499,57231.39,3856.573,1558380944,1558323701,3.0,11.07,9.217744,10.767689,12.981152
2019-05-20 22:00:00+00:00,12.6154175,14.7175,10.117499,57394.496,33858.117,1558467429,1558410023,3.0,16.11,7.216652,9.320304,11.114915
2019-05-21 22:00:00+00:00,13.284164,17.7175,9.0675,57554.656,49628.45,1558553914,1558496348,3.0,25.33,7.625886,11.623403,15.5834675
2019-05-22 22:00:00+00:00,14.7091675,19.5175,8.4175,57711.695,53004.92,1558640397,1558582674,3.0,26.53,5.7929554,12.561458,17.419533
2019-05-23 22:00:00+00:00,14.880001,19.2175,9.867499,57865.438,52063.688,1558726880,1558669003,3.0,27.53,8.632666,12.954251,18.465044
2019-05-24 22:00:00+00:00,12.338333,17.2175,7.4175,58015.688,42867.81,1558813361,1558755335,61.0,17.69,5.5258656,11.181725,16.087715
2019-05-25 22:00:00+00:00,15.200832,19.8675,10.0175,58162.254,41963.062,1558899841,1558841668,51.0,21.86,8.1261015,12.638024,17.660173
2019-05-26 22:00:00+00:00,14.504998,17.5175,10.7175,58304.953,47723.023,1558986319,1558928004,55.0,21.62,9.001207,11.954957,14.235771
2019-05-27 22:00:00+00:00,12.38625,15.5675,9.117499,58443.586,51919.406,1559072796,1559014343,63.0,18.67,6.373458,10.608302,15.6737175
2019-05-28 22:00:00+00:00,12.177917,18.1175,4.6675,58577.95,49860.266,1559159271,1559100684,3.0,24.64,1.9034672,10.04639,15.418112
2019-05-29 22:00:00+00:00,16.1925,20.0175,13.0175,58707.848,34903.508,1559245744,1559187027,51.0,16.94,9.75258,13.823606,17.672411
2019-05-30 22:00:00+00:00,16.5675,19.7175,13.1675,58833.07,52701.652,1559332216,1559273374,3.0,23.3,11.520198,14.751178,17.97469
2019-05-31 22:00:00+00:00,18.13,24.067501,12.0675,58953.418,53488.83,1559418685,1559359723,3.0,27.25,11.058518,18.170336,26.031185
2019-06-01 22:00:00+00:00,22.038336,28.917501,16.0175,59068.688,53530.426,1559505151,1559446075,3.0,23.37,15.603336,21.001415,27.113182
2019-06-02 22:00:00+00:00,16.729998,18.5175,13.3175,59178.668,30378.117,1559591616,1559532430,51.0,15.36,12.344706,14.919891,15.8547
2019-06-03 22:00:00+00:00,16.977915,22.5175,10.2175,59283.14,32787.555,1559678078,1559618787,65.0,18.13,9.211473,15.999051,21.917229
2019-06-04 22:00:00+00:00,15.936252,19.4675,12.867499,59381.906,23043.725,1559764537,1559705148,61.0,14.34,10.76214,14.964405,19.877514
2019-06-05 22:00:00+00:00,14.548751,17.167501,11.617499,59474.754,46844.812,1559850993,1559791512,63.0,22.63,9.520954,12.407567,15.234453
2019-06-06 22:00:00+00:00,14.857082,21.0175,10.5175,59561.484,28732.428,1559937446,1559877878,53.0,16.72,8.638662,12.204629,18.069212
2019-06-07 22:00:00+00:00,14.284167,17.167501,12.2675,59641.97,38145.926,1560023896,1559964249,55.0,18.66,5.639142,8.499065,11.62904
2019-06-08 22:00:00+00:00,14.757081,18.917501,9.9175,59716.86,35746.742,1560110344,1560050622,51.0,20.6,7.4364834,12.911904,18.096249
2019-06-09 22:00:00+00:00,16.294584,21.2175,12.4175,59786.246,36487.22,1560196790,1560136999,63.0,16.81,10.675835,15.616954,20.612783
2019-06-10 22:00:00+00:00,15.0425,18.3675,11.6675,59850.062,43133.105,1560283233,1560223379,51.0,22.9,9.814861,13.905419,17.400455
2019-06-11 22:00:00+00:00,13.967498,16.167501,11.7175,59908.26,17788.777,1560369674,1560309762,65.0,8.9,10.799473,13.194534,16.145338
2019-06-12 22:00:00+00:00,14.163333,17.1175,11.4675,59960.77,40901.977,1560456113,1560396149,55.0,18.01,8.846216,11.173714,13.699717
2019-06-13 22:00:00+00:00,16.17375,21.067501,11.6675,60007.53,39600.0,1560542549,1560482538,53.0,19.76,10.146812,15.022469,19.735445
2019-06-14 22:00:00+00:00,15.794581,18.6175,13.117499,60048.49,36355.402,1560628982,1560568931,63.0,18.17,12.189592,14.962773,18.208992
2019-06-15 22:00:00+00:00,16.488335,19.817501,13.4675,60083.61,54295.41,1560715413,1560655327,53.0,22.23,12.239782,15.146214,18.710625
2019-06-16 22:00:00+00:00,17.884165,23.5175,11.2175,60112.84,54180.547,1560801841,1560741727,51.0,22.54,10.447257,17.474144,23.087494
2019-06-17 22:00:00+00:00,19.059164,24.067501,12.867499,60136.14,51114.066,1560888266,1560828129,51.0,23.71,12.4758,19.716398,26.181416
2019-06-18 22:00:00+00:00,19.813334,25.3675,16.417501,60153.465,41096.613,1560974688,1560914534,63.0,20.43,17.240751,20.64272,27.796986
2019-06-19 22:00:00+00:00,16.563334,18.817501,13.7675,60164.8,50624.31,1561061107,1561000942,53.0,21.78,12.757542,15.765358,18.390156
2019-06-20 22:00:00+00:00,15.16125,18.1175,12.0675,60170.105,54184.492,1561147523,1561087353,51.0,23.77,11.115245,13.712087,16.687443
2019-06-21 22:00:00+00:00,15.882084,21.3675,9.8175,60169.367,51881.797,1561233936,1561173767,3.0,23.05,8.304495,14.450263,20.23343
2019-06-22 22:00:00+00:00,20.761251,27.317501,14.0675,60162.555,47434.71,1561320346,1561260184,3.0,25.34,12.976393,20.846367,27.689543
2019-06-23 22:00:00+00:00,24.238335,29.917501,19.4675,60149.67,46650.527,1561406752,1561346603,3.0,24.25,18.883312,25.349297,32.258003
2019-06-24 22:00:00+00:00,24.68625,31.7175,19.0175,60130.7,53031.22,1561493154,1561433025,51.0,26.18,19.799791,26.743172,35.643032
2019-06-25 22:00:00+00:00,19.296669,23.2175,15.8175,60105.633,54375.176,1561579554,1561519450,3.0,25.33,15.149963,19.314161,24.801836
2019-06-26 22:00:00+00:00,17.144583,21.167501,13.5675,60074.477,54661.02,1561665949,1561605877,3.0,27.87,11.707535,15.825757,21.172033
2019-06-27 22:00:00+00:00,17.3175,22.9675,12.0675,60037.188,53956.633,1561752341,1561692307,3.0,28.3,11.346468,16.722586,22.822647
2019-06-28 22:00:00+00:00,22.602915,30.567501,14.5675,59993.363,54721.816,1561838730,1561778740,1.0,29.29,13.848137,23.108261,31.550896
2019-06-29 22:00:00+00:00,21.127914,22.5175,16.4675,59943.055,54330.1,1561925116,1561865177,3.0,24.71,15.7600155,20.322897,23.271847
2019-06-30 22:00:00+00:00,17.948751,20.1175,15.3175,59886.4,54401.055,1562011499,1561951616,51.0,25.55,14.773504,16.433168,18.665308
2019-07-01 22:00:00+00:00,17.267502,21.0175,13.9175,59823.562,54357.926,1562097878,1562038059,51.0,24.06,13.085159,15.991254,19.971495
2019-07-02 22:00:00+00:00,15.486251,19.317501,11.2175,59754.707,54311.242,1562184255,1562124505,3.0,23.44,10.336326,13.60942,17.20338
2019-07-03 22:00:00+00:00,15.677915,21.7675,9.5175,59679.99,51657.94,1562270628,1562210954,3.0,28.25,7.8808613,14.951946,23.431005
2019-07-04 22:00:00+00:00,18.0175,21.2175,14.867499,59599.574,54092.14,1562356999,1562297405,3.0,25.17,14.054375,17.17239,20.586857
2019-07-05 22:00:00+00:00,17.065416,21.667501,13.5175,59513.62,38943.59,1562443366,1562383859,61.0,20.7,12.625986,16.264011,21.006376
2019-07-06 22:00:00+00:00,14.827916,18.0175,11.367499,59422.31,52069.527,1562529730,1562470315,51.0,21.8,9.968939,12.899823,15.766644
2019-07-07 22:00:00+00:00,14.061252,16.917501,10.0675,59325.8,50493.54,1562616092,1562556773,51.0,19.5,8.6040125,11.339732,13.230537
2019-07-08 22:00:00+00:00,15.150833,19.0175,10.7175,59224.26,52716.113,1562702451,1562643234,3.0,23.37,9.195162,13.695205,18.372673
2019-07-09 22:00:00+00:00,15.621666,19.1175,11.2675,59117.863,13639.785,1562788807,1562729697,61.0,12.43,10.2542095,14.789112,19.154099
2019-07-10 22:00:00+00:00,18.596666,22.067501,15.7175,59006.777,32926.75,1562875160,1562816161,53.0,18.04,15.993893,18.41153,21.520065
2019-07-11 22:00:00+00:00,17.146666,19.567501,14.4675,58891.168,40743.895,1562961510,1562902627,53.0,17.57,14.520802,16.39975,18.10796
2019-07-12 22:00:00+00:00,16.971668,19.2675,15.3175,58771.22,31182.873,1563047858,1562989095,51.0,17.63,13.801241,15.749433,18.143627
2019-07-13 22:00:00+00:00,16.0675,18.2675,14.1675,58647.074,37098.89,1563134203,1563075565,51.0,16.81,12.969374,14.388919,16.09434
2019-07-14 22:00:00+00:00,15.413333,17.5175,13.4175,58518.91,21044.666,1563220545,1563162035,51.0,13.85,12.626715,14.057572,15.782652
2019-07-15 22:00:00+00:00,16.334166,20.567501,12.367499,58386.883,49898.336,1563306885,1563248507,3.0,18.83,11.851517,15.621928,19.431227
2019-07-16 22:00:00+00:00,17.344582,23.3675,10.117499,58251.168,47273.83,1563393222,1563334980,51.0,24.36,9.506713,17.52955,24.139
2019-07-17 22:00:00+00:00,18.946665,21.817501,16.817501,58111.75,28125.912,1563479556,1563421454,51.0,14.71,16.070417,17.895601,19.845385
2019-07-18 22:00:00+00:00,19.246666,23.567501,14.8175,57967.418,40827.26,1563565887,1563507930,51.0,18.54,14.879204,18.946178,22.974394
2019-07-19 22:00:00+00:00,19.677916,22.0175,17.2175,57818.105,35780.438,1563652216,1563594408,63.0,15.28,16.723099,19.042547,22.942963
2019-07-20 22:00:00+00:00,19.140413,22.067501,16.917501,57664.086,50400.0,1563738541,1563680888,51.0,21.25,16.505459,18.531078,20.272774
2019-07-21 22:00:00+00:00,19.980001,25.0175,15.4175,57505.594,47556.54,1563824864,1563767370,3.0,25.28,14.935846,19.322748,24.122652
2019-07-22 22:00:00+00:00,23.157084,30.567501,14.117499,57342.89,52289.895,1563911184,1563853853,2.0,26.84,13.978521,24.134768,32.28817
2019-07-23 22:00:00+00:00,26.290415,35.2175,20.417501,57176.242,52211.188,1563997502,1563940338,3.0,25.41,20.939022,26.948538,36.276215
2019-07-24 22:00:00+00:00,27.357084,36.9175,18.3675,57005.88,51949.242,1564083818,1564026824,3.0,25.08,19.40785,28.924881,38.178852
2019-07-25 22:00:00+00:00,26.877916,33.567497,20.6175,56832.03,51151.566,1564170131,1564113311,3.0,23.81,20.556519,27.98865,38.210304
2019-07-26 22:00:00+00:00,21.271666,26.667501,18.0175,56654.95,37698.508,1564256442,1564199800,63.0,16.33,19.676264,22.70696,29.009598
2019-07-27 22:00:00+00:00,18.919584,21.1175,17.067501,56474.844,16238.775,1564342751,1564286289,63.0,9.34,17.17975,19.373074,21.75387
2019-07-28 22:00:00+00:00,19.575834,24.567501,14.367499,56291.945,51203.008,1564429058,1564372779,3.0,23.42,13.6860695,19.18908,24.764977
2019-07-29 22:00:00+00:00,21.300833,26.7675,15.7675,56106.47,51099.965,1564515364,1564459270,51.0,22.75,15.46381,20.195148,25.821728
2019-07-30 22:00:00+00:00,18.494581,20.3675,16.317501,55918.625,31648.184,1564601667,1564545762,55.0,12.28,14.010992,16.251324,18.524942
2019-07-31 22:00:00+00:00,18.619585,21.917501,15.6675,55728.617,49860.9,1564687969,1564632254,61.0,19.75,14.627619,17.887007,20.92041
2019-08-01 22:00:00+00:00,18.33,20.8675,15.6675,55536.65,44777.15,1564774269,1564718746,63.0,15.93,16.230753,17.659674,19.698929
2019-08-02 22:00:00+00:00,18.438334,21.7175,15.0175,55342.918,49994.434,1564860568,1564805239,51.0,19.23,15.378584,18.149195,20.884699
2019-08-03 22:00:00+00:00,19.59458,24.8675,13.617499,55147.598,38708.37,1564946866,1564891732,3.0,17.28,13.597509,19.911034,24.935318
2019-08-04 22:00:00+00:00,20.807081,24.317501,18.3675,54950.883,42568.844,1565033162,1564978225,51.0,20.47,18.122335,20.277334,23.408117
2019-08-05 22:00:00+00:00,19.5175,22.917501,16.167501,54752.953,47423.605,1565119457,1565064718,51.0,18.82,15.279497,18.139288,20.920088
2019-08-06 22:00:00+00:00,19.109167,22.2675,16.3675,54553.777,49573.16,1565205751,1565151211,51.0,20.82,14.841118,17.324348,19.520203
2019-08-07 22:00:00+00:00,19.367498,22.7675,16.667501,54351.816,49472.164,1565292042,1565237705,51.0,22.22,15.581139,18.279696,21.974628
2019-08-08 22:00:00+00:00,20.300835,24.417501,16.7175,54146.895,11451.312,1565378331,1565324199,61.0,8.91,15.795286,20.15984,24.649527
2019-08-09 22:00:00+00:00,20.482084,22.917501,18.2175,53939.242,40803.383,1565464618,1565410694,51.0,17.63,14.132469,16.324036,19.606995
2019-08-10 22:00:00+00:00,18.471666,21.067501,15.9675,53729.086,31191.428,1565550904,1565497190,51.0,15.77,12.887184,15.541278,18.09175
2019-08-11 22:00:00+00:00,16.402916,19.067501,13.6675,53516.625,37587.79,1565637187,1565583686,61.0,15.65,12.976612,15.188335,18.735472
2019-08-12 22:00:00+00:00,15.150834,17.9675,12.7675,53302.08,48588.574,1565723469,1565670182,61.0,18.05,11.345055,13.605213,16.706602
2019-08-13 22:00:00+00:00,15.765416,19.8675,11.8175,53085.64,28800.0,1565809749,1565756679,61.0,13.82,10.37854,14.22443,17.237719
2019-08-14 22:00:00+00:00,17.53625,19.8675,15.867499,52867.51,34707.703,1565896028,1565843176,53.0,13.64,14.095636,15.911827,17.983625
2019-08-15 22:00:00+00:00,17.240416,21.567501,11.4675,52647.88,38875.586,1565982306,1565929674,53.0,15.28,10.437752,16.002668,19.115242
2019-08-16 22:00:00+00:00,18.209166,20.567501,16.3675,52426.92,8546.343,1566068583,1566016171,55.0,8.45,15.187414,16.90743,20.0557
2019-08-17 22:00:00+00:00,16.95083,19.6175,15.6675,52204.832,23242.443,1566154858,1566102669,61.0,11.26,13.5275955,15.694888,18.224482
2019-08-18 22:00:00+00:00,16.944582,19.7675,14.4675,51981.766,46833.33,1566241133,1566189167,51.0,17.64,11.813196,14.197984,16.3304
2019-08-19 22:00:00+00:00,16.05083,19.2175,12.9675,51757.91,46841.254,1566327407,1566275665,51.0,18.01,11.591362,14.498479,17.767727
2019-08-20 22:00:00+00:00,16.496666,21.9675,12.117499,51533.418,46729.508,1566413680,1566362162,3.0,19.14,11.389272,15.743137,20.605143
2019-08-21 22:00:00+00:00,16.500834,21.917501,11.2675,51308.453,45259.953,1566499952,1566448660,3.0,22.01,10.106773,15.4600525,21.263807
2019-08-22 22:00:00+00:00,18.0175,24.7675,11.4175,51083.168,46236.496,1566586225,1566535157,3.0,21.35,10.194043,17.414299,24.891785
2019-08-23 22:00:00+00:00,20.890413,28.167501,13.5175,50857.72,46136.348,1566672496,1566621655,2.0,21.78,12.776119,20.800537,28.85962
2019-08-24 22:00:00+00:00,22.24875,29.917501,14.0175,50632.25,45870.816,1566758768,1566708152,3.0,21.04,13.596302,22.362001,30.296211
2019-08-25 22:00:00+00:00,23.259165,29.817501,15.867499,50406.914,45759.01,1566845039,1566794648,1.0,19.9,16.053495,24.099442,31.24313
2019-08-26 22:00:00+00:00,24.757082,30.1175,18.4675,50181.64,45667.773,1566931310,1566881145,51.0,18.75,20.25029,26.792643,33.192307
2019-08-27 22:00:00+00:00,22.038336,25.1175,18.917501,49954.875,37307.703,1567017580,1566967641,63.0,15.06,19.353357,22.79748,25.76327
2019-08-28 22:00:00+00:00,18.755,22.2175,14.117499,49726.39,44498.023,1567103848,1567054138,51.0,16.17,14.048647,18.461369,21.115412
2019-08-29 22:00:00+00:00,17.354998,22.667501,12.4175,49496.355,45119.766,1567190115,1567140635,3.0,17.55,11.209384,16.69052,21.839548
2019-08-30 22:00:00+00:00,19.713331,27.817501,12.2175,49264.938,38099.516,1567276381,1567227132,53.0,18.71,11.320774,18.971216,27.319008
2019-08-31 22:00:00+00:00,17.261248,18.9675,14.5175,49032.293,37587.125,1567362645,1567313630,3.0,14.64,12.808775,15.362614,17.42681
2019-09-01 22:00:00+00:00,16.063334,19.567501,12.3175,48798.586,43733.387,1567448909,1567400127,3.0,17.43,10.448327,13.7668495,17.028805
2019-09-02 22:00:00+00:00,17.4175,19.317501,15.7175,48563.96,30804.217,1567535172,1567486624,51.0,10.31,13.889532,15.578972,16.811369
2019-09-03 22:00:00+00:00,16.117502,18.6175,13.617499,48328.574,12071.059,1567621434,1567573122,61.0,5.75,12.34033,14.422021,16.488813
2019-09-04 22:00:00+00:00,14.479997,15.7675,9.8175,48092.57,43295.797,1567707695,1567659619,51.0,11.22,8.088659,11.144348,12.453415
2019-09-05 22:00:00+00:00,13.838332,18.6175,9.3175,47856.09,24651.473,1567793956,1567746117,55.0,9.81,6.757532,10.910351,13.902023
2019-09-06 22:00:00+00:00,14.246666,17.167501,11.7675,47619.273,41934.35,1567880217,1567832614,53.0,13.28,10.186914,12.697609,15.713667
2019-09-07 22:00:00+00:00,13.284168,16.817501,9.3175,47382.26,42499.773,1567966477,1567919112,51.0,14.12,7.3807335,11.511265,14.733116
2019-09-08 22:00:00+00:00,12.965417,17.7675,8.4675,47145.19,38984.844,1568052738,1568005609,3.0,14.44,7.030635,11.337136,15.389351
2019-09-09 22:00:00+00:00,13.669582,18.567501,8.9675,46908.19,41772.465,1568138998,1568092107,51.0,14.1,7.545847,12.372655,16.69652
2019-09-10 22:00:00+00:00,15.213333,17.6175,12.3175,46671.4,66.4159,1568225258,1568178604,53.0,3.58,11.309728,13.471278,16.78356
2019-09-11 22:00:00+00:00,18.182083,20.917501,15.9675,46434.94,33381.348,1568311519,1568265101,53.0,12.77,15.491886,17.589151,19.521847
2019-09-12 22:00:00+00:00,17.613333,19.9675,13.2175,46198.95,37115.055,1568397780,1568351598,51.0,13.27,12.208187,16.828075,18.711561
2019-09-13 22:00:00+00:00,14.77375,19.917501,10.0175,45963.55,40704.125,1568484042,1568438095,3.0,17.15,8.80309,13.546868,18.765877
2019-09-14 22:00:00+00:00,15.963333,21.067501,11.0675,45728.867,39711.574,1568570304,1568524592,3.0,16.47,8.953004,14.860374,20.095314
2019-09-15 22:00:00+00:00,14.367497,16.0175,10.6675,45494.84,687.4064,1568656567,1568611089,51.0,3.9,9.245414,14.10133,16.0113
2019-09-16 22:00:00+00:00,13.359166,16.9675,10.0175,45259.875,26213.484,1568742829,1568697586,51.0,9.37,8.271266,10.77697,13.920929
2019-09-17 22:00:00+00:00,12.813332,16.3675,8.7175,45023.73,38257.508,1568829090,1568784083,51.0,10.74,6.78026,10.528097,13.264084
2019-09-18 22:00:00+00:00,12.777916,16.067501,10.0675,44786.555,17064.729,1568915351,1568870581,51.0,7.53,8.473185,11.660832,15.145077
2019-09-19 22:00:00+00:00,12.532083,18.2175,6.5175004,44548.484,39867.55,1569001610,1568957079,3.0,15.9,4.2477846,10.4274235,15.87258
2019-09-20 22:00:00+00:00,15.88625,23.2675,9.7175,44309.668,39777.105,1569087869,1569043577,0.0,16.17,6.2111645,12.5588045,19.876694
2019-09-21 22:00:00+00:00,18.802917,25.3675,13.867499,44070.23,35996.83,1569174128,1569130075,61.0,13.13,10.861154,16.805744,24.138098
2019-09-22 22:00:00+00:00,16.282087,18.9675,14.6675,43830.324,31792.164,1569260387,1569216573,53.0,10.75,13.707415,15.388676,17.512291
2019-09-23 22:00:00+00:00,16.302917,18.167501,14.7175,43590.08,5145.464,1569346645,1569303072,61.0,4.5,13.740664,14.404484,15.847219
2019-09-24 22:00:00+00:00,15.582081,18.0175,13.7675,43349.63,25139.781,1569432903,1569389571,61.0,8.43,12.133982,13.8181715,16.038685
2019-09-25 22:00:00+00:00,16.061249,18.2675,14.617499,43109.12,2005.5393,1569519162,1569476070,61.0,2.83,12.88805,14.513825,16.77854
2019-09-26 22:00:00+00:00,15.209167,17.4675,13.5675,42868.688,37665.812,1569605420,1569562569,53.0,9.41,10.503424,12.482852,14.818916
2019-09-27 22:00:00+00:00,15.069583,17.917501,12.9175,42628.46,35969.42,1569691679,1569649068,61.0,9.58,10.136178,11.8560705,14.574093
2019-09-28 22:00:00+00:00,15.142498,16.6175,13.6675,42388.58,2241.8018,1569777939,1569735567,63.0,2.67,9.694811,12.208623,14.848198
2019-09-29 22:00:00+00:00,14.546666,16.417501,12.7675,42149.18,33393.37,1569864199,1569822067,53.0,10.33,8.95827,12.009403,14.264193
2019-09-30 22:00:00+00:00,15.642503,17.7675,13.9175,41910.406,5748.6426,1569950460,1569908566,61.0,5.86,11.354771,14.310582,17.364403
2019-10-01 22:00:00+00:00,11.554999,12.9675,10.4675,41672.395,36682.9,1570036722,1569995066,53.0,9.07,6.6388273,8.126588,9.039328
2019-10-02 22:00:00+00:00,11.671666,13.5675,10.5175,41435.285,24182.354,1570122985,1570081566,55.0,7.17,8.346421,9.6883745,12.337212
2019-10-03 22:00:00+00:00,11.615417,15.4175,8.9175,41199.23,16473.617,1570209249,1570168066,61.0,4.72,4.9161644,8.724861,12.600687
2019-10-04 22:00:00+00:00,9.744582,13.0675,6.2175,40964.363,21030.268,1570295514,1570254566,3.0,9.05,4.0186577,7.427569,10.309696
2019-10-05 22:00:00+00:00,9.811249,10.4175,9.0175,40730.63,0.0,1570381780,1570341066,63.0,1.88,5.4905996,6.2856526,7.0671225
2019-10-06 22:00:00+00:00,10.0425005,12.4675,6.6675,40496.305,12837.1045,1570468046,1570427567,51.0,6.28,3.9357738,7.436573,10.474489
2019-10-07 22:00:00+00:00,13.9487505,16.3675,12.3175,40261.137,28101.533,1570554312,1570514068,61.0,6.91,9.230322,11.324376,13.907623
2019-10-08 22:00:00+00:00,11.744582,13.117499,10.5175,40025.273,10122.15,1570640578,1570600570,53.0,4.53,6.6668844,8.510863,10.055977
2019-10-09 22:00:00+00:00,12.194584,14.2175,9.5675,39788.87,34221.65,1570726844,1570687072,51.0,8.78,6.643532,8.761515,10.445341
2019-10-10 22:00:00+00:00,14.31125,16.2175,13.0675,39552.09,0.0,1570813110,1570773574,61.0,1.86,8.685901,10.441496,12.51952
2019-10-11 22:00:00+00:00,13.240415,16.5175,12.0175,39315.08,0.0,1570899376,1570860077,61.0,1.85,11.009005,12.053649,13.1680565
2019-10-12 22:00:00+00:00,16.238333,22.2675,11.3175,39078.016,25413.223,1570985642,1570946581,51.0,6.77,10.473413,14.761903,20.364769
2019-10-13 22:00:00+00:00,14.721667,17.8675,11.7175,38841.043,11695.581,1571071909,1571033084,61.0,4.28,11.308889,14.046531,17.969627
2019-10-14 22:00:00+00:00,15.182082,17.4675,12.2675,38604.336,3846.4185,1571158176,1571119588,53.0,4.13,10.773833,14.008816,16.645073
2019-10-15 22:00:00+00:00,12.938333,15.1675,10.1675,38368.062,11399.8,1571244444,1571206093,63.0,4.35,7.646366,10.5025835,12.506119
2019-10-16 22:00:00+00:00,13.4904175,15.367499,11.9175,38132.395,32841.293,1571330713,1571292597,55.0,7.57,10.613685,11.875047,13.258366
2019-10-17 22:00:00+00:00,12.850833,13.9175,12.0175,37897.504,31006.36,1571416983,1571379102,53.0,7.29,7.3290195,9.053374,10.617696
2019-10-18 22:00:00+00:00,12.4675,14.5175,10.9675,37663.566,28102.11,1571503254,1571465607,53.0,6.13,7.4898567,9.145438,11.29534
2019-10-19 22:00:00+00:00,11.263332,13.5175,8.8175,37430.773,6876.6855,1571589527,1571552112,53.0,4.15,7.2452354,9.954572,13.566278
2019-10-20 22:00:00+00:00,11.969583,14.8175,9.7175,37199.305,13120.26,1571675801,1571638618,61.0,4.01,8.237221,10.099173,13.008469
2019-10-21 22:00:00+00:00,11.469583,14.4675,8.7675,36969.35,26805.74,1571762076,1571725123,51.0,5.31,7.8964586,10.40207,13.702633
2019-10-22 22:00:00+00:00,11.325832,16.567501,6.2175,36741.11,24168.062,1571848353,1571811628,51.0,6.62,4.6686745,9.873973,14.789122
2019-10-23 22:00:00+00:00,14.682083,19.0175,12.117499,36514.78,14179.014,1571934632,1571898133,53.0,4.57,10.209034,12.701439,16.618189
2019-10-24 22:00:00+00:00,13.471664,15.117499,11.367499,36290.57,24764.059,1572020913,1571984639,51.0,5.51,8.734672,10.139065,11.534154
2019-10-25 22:00:00+00:00,16.3175,18.667501,14.5175,36068.45,25180.291,1572107196,1572071144,53.0,7.11,10.538162,12.519924,15.16287
2019-10-26 22:00:00+00:00,10.719583,16.0175,8.7675,35846.504,21748.322,1572193480,1572157649,61.0,5.87,5.807989,7.6174045,12.699785
2019-10-27 22:00:00+00:00,8.750833,11.9675,5.2175,35624.445,29905.395,1572279765,1572244156,51.0,5.52,2.112874,6.555058,10.127122
2019-10-28 22:00:00+00:00,7.752917,11.4175,4.8675003,35402.473,31104.168,1572366050,1572330663,3.0,7.52,2.1798673,5.0906816,8.305771
2019-10-29 22:00:00+00:00,5.4779167,9.8175,2.6175,35180.785,30862.896,1572452335,1572417170,3.0,8.22,-0.87851954,1.9195604,5.8781834
2019-10-30 22:00:00+00:00,4.52375,9.5175,1.3175,34959.586,30621.586,1572538622,1572503678,3.0,8.23,-2.7515106,0.7658682,5.404749
2019-10-31 22:00:00+00:00,8.009168,13.0675,2.0674999,34739.086,0.0,1572624910,1572590187,53.0,2.11,-1.3777924,5.092002,11.348585
2019-11-01 22:00:00+00:00,13.082082,14.2175,11.6675,34519.5,12783.694,1572711199,1572676695,61.0,3.86,5.61891,9.071487,11.732599
2019-11-02 22:00:00+00:00,10.594584,12.5675,8.367499,34301.047,11267.384,1572797489,1572763204,63.0,3.48,5.804489,8.282727,10.999495
2019-11-03 22:00:00+00:00,10.002916,12.6675,8.5675,34083.953,21920.816,1572883781,1572849712,53.0,4.05,6.3022146,7.586649,10.401216
2019-11-04 22:00:00+00:00,8.555,11.0675,6.8675003,33868.457,17339.127,1572970074,1572936221,51.0,3.91,4.875102,6.469774,9.23559
2019-11-05 22:00:00+00:00,8.659166,10.7675,6.9175,33654.793,25715.752,1573056369,1573022729,51.0,4.52,5.386595,6.865723,8.903053
2019-11-06 22:00:00+00:00,7.107083,9.0675,4.9675,33443.207,5029.7393,1573142666,1573109238,61.0,1.62,1.8992424,3.678233,5.5087366
2019-11-07 22:00:00+00:00,5.9737496,9.7175,2.7675,33233.953,28098.865,1573228965,1573195745,3.0,5.88,-0.6533661,2.645106,6.6976194
2019-11-08 22:00:00+00:00,6.8799996,9.867499,3.0674999,33027.297,19493.361,1573315266,1573282253,51.0,3.41,-0.008081436,3.163359,5.624254
2019-11-09 22:00:00+00:00,3.1383333,8.7175,-0.8325,32823.496,28261.135,1573401569,1573368760,2.0,6.52,-4.2022643,0.29041913,6.6999474
2019-11-10 22:00:00+00:00,5.1966662,7.2175,1.8175,32622.83,1019.8441,1573487874,1573455266,55.0,1.84,-1.5793736,0.7363574,2.562921
2019-11-11 22:00:00+00:00,5.2779174,6.9175,3.8675,32425.578,20226.203,1573574182,1573541771,51.0,4.16,-0.7244108,0.57609326,2.539342
2019-11-12 22:00:00+00:00,6.5695825,8.4675,4.7175,32232.033,24656.8,1573660493,1573628275,53.0,3.88,0.3196354,3.1592386,5.3695726
2019-11-13 22:00:00+00:00,5.2987504,7.3675003,4.0675,32042.484,7490.3647,1573746807,1573714778,53.0,2.19,-0.22399998,1.6324655,4.2682724
2019-11-14 22:00:00+00:00,3.996667,5.3675003,2.0175,31856.986,0.0,1573833124,1573801280,51.0,1.76,-2.4052315,0.07185576,2.0444055
2019-11-15 22:00:00+00:00,3.984167,6.7675004,0.4675,31673.635,5499.145,1573919443,1573887782,3.0,3.38,-2.861127,0.866829,3.8229036
2019-11-16 22:00:00+00:00,3.9820836,7.6175003,-0.2325,31492.158,25800.918,1574005764,1573974284,3.0,5.11,-3.422052,1.0795485,5.250656
2019-11-17 22:00:00+00:00,5.92375,8.1675,3.7675,31312.775,0.0,1574092086,1574060786,55.0,0.96,0.4319167,2.8396409,6.2411118
2019-11-18 22:00:00+00:00,5.7195835,7.4175,2.9675,31135.717,25263.703,1574178411,1574147288,51.0,3.54,-0.13094044,2.5750527,4.5111437
2019-11-19 22:00:00+00:00,1.6425,5.7675004,-1.9325,30961.227,25559.2,1574264738,1574233789,3.0,5.25,-5.6387863,-1.8655325,2.7838507
2019-11-20 22:00:00+00:00,1.8320836,3.8174999,-0.3825,30789.535,12944.634,1574351068,1574320290,3.0,3.37,-4.64845,-2.2929442,0.10623646
2019-11-21 22:00:00+00:00,5.83625,9.6675,2.0674999,30620.902,24074.068,1574437400,1574406791,53.0,4.3,-1.5991306,2.0356836,6.4715147
2019-11-22 22:00:00+00:00,6.011251,7.4675,4.4675,30455.568,610.12683,1574523734,1574493290,51.0,1.1,-0.21397209,1.7836655,3.8717747
2019-11-23 22:00:00+00:00,6.0029163,10.8175,2.0175,30293.8,19738.201,1574610071,1574579788,3.0,3.87,-0.6734221,3.6732445,9.22484
2019-11-24 22:00:00+00:00,7.6633334,10.5175,5.4675,30135.861,25136.133,1574696410,1574666285,3.0,4.44,2.402194,5.023582,7.964345
2019-11-25 22:00:00+00:00,9.969583,11.4175,7.9675,29982.016,0.0,1574782752,1574752781,51.0,1.31,5.113635,7.04407,8.351689
2019-11-26 22:00:00+00:00,10.065415,10.6675,9.1675,29832.54,15991.47,1574869097,1574839275,61.0,2.6,4.416383,6.3048778,7.6934605
2019-11-27 22:00:00+00:00,9.344583,10.2675,8.367499,29687.713,3855.8262,1574955445,1574925767,63.0,1.04,3.850913,5.3141522,7.065797
2019-11-28 22:00:00+00:00,6.532083,8.5675,3.1175,29547.822,24512.395,1575041795,1575012257,3.0,3.19,-0.21437263,2.9220371,4.8970957
2019-11-29 22:00:00+00:00,3.5091667,8.0175,0.2175,29413.14,24354.426,1575128149,1575098746,2.0,3.69,-3.1519446,0.7636594,6.125592
2019-11-30 22:00:00+00:00,1.5216666,4.5175004,-0.0325,29283.975,18895.342,1575214506,1575185231,3.0,3.58,-4.2251544,-1.9921174,1.0121565
2019-12-01 22:00:00+00:00,4.571667,7.8675003,0.4675,29160.613,23524.828,1575300867,1575271715,51.0,2.44,-2.8212657,1.5016494,4.6073265
2019-12-02 22:00:00+00:00,4.694584,7.6675,1.8675,29043.344,23919.01,1575387231,1575358195,3.0,3.66,-2.021891,1.5784022,4.417618
2019-12-03 22:00:00+00:00,1.6258334,5.3175,-0.5825,28932.467,12598.293,1575473598,1575444673,3.0,3.02,-3.6976588,-1.5773182,3.3828511
2019-12-04 22:00:00+00:00,2.4487503,5.7675004,-1.2825,28828.115,13466.628,1575559969,1575531148,3.0,2.66,-4.40656,-1.702311,1.642087
2019-12-05 22:00:00+00:00,6.7591667,9.6675,4.0175004,28729.062,0.0,1575646343,1575617621,61.0,0.68,-2.0075064,1.1166301,4.5545435
2019-12-06 22:00:00+00:00,8.565415,10.0175,6.6675,28635.121,16262.561,1575732722,1575704093,53.0,2.26,2.5495787,4.613477,6.1834364
2019-12-07 22:00:00+00:00,9.069583,11.1675,7.2175,28546.422,17292.594,1575819103,1575790563,61.0,2.74,1.3461723,3.4366338,5.9140234
2019-12-08 22:00:00+00:00,7.0049996,7.9675,6.2175,28463.086,12207.893,1575905488,1575877031,61.0,1.86,0.76096535,1.8137183,4.635068
2019-12-09 22:00:00+00:00,5.4154167,7.5675,2.3174999,28385.248,10886.995,1575991877,1575963497,51.0,2.75,-2.1822255,0.21116626,2.628426
2019-12-10 22:00:00+00:00,6.763334,7.9175,4.6175003,28313.021,13470.95,1576078269,1576049961,55.0,2.51,0.56586933,2.865941,5.046996
2019-12-11 22:00:00+00:00,4.384167,5.7675004,2.6175,28246.537,20146.977,1576164664,1576136422,51.0,3.4,-1.4751906,-0.51665807,0.70198536
2019-12-12 22:00:00+00:00,5.3966675,7.1175003,4.2175,28185.916,0.0,1576251063,1576222881,61.0,0.67,-2.742876,0.9712314,3.0556011
2019-12-13 22:00:00+00:00,6.0591674,8.0175,4.5675,28131.27,10343.559,1576337466,1576309338,53.0,1.92,-0.9699383,0.4927623,2.0345163
2019-12-14 22:00:00+00:00,7.3987503,9.1675,4.2175,28082.719,20010.982,1576423871,1576395792,53.0,3.16,-0.68916345,1.5553786,3.2498436
2019-12-15 22:00:00+00:00,6.894584,8.7175,5.0675,28040.367,0.0,1576510280,1576482242,51.0,1.46,0.44550323,3.4545639,5.837881
2019-12-16 22:00:00+00:00,9.577916,13.5675,6.4675,28004.33,16706.309,1576596692,1576568690,53.0,2.28,4.2929287,6.5426273,10.153647
2019-12-17 22:00:00+00:00,6.4154162,8.3175,5.3175,27974.705,21747.197,1576683107,1576655135,51.0,3.4,1.8345795,3.080165,5.3061256
2019-12-18 22:00:00+00:00,11.069581,13.367499,7.4675,27951.59,16160.35,1576769526,1576741576,51.0,2.05,3.1982517,7.2771935,9.89684
2019-12-19 22:00:00+00:00,10.965416,12.7675,7.8175,27935.078,5131.527,1576855948,1576828014,55.0,1.16,2.3307924,6.5565486,8.798883
2019-12-20 22:00:00+00:00,7.8320847,9.2175,6.1175003,27925.266,8901.01,1576942372,1576914448,51.0,1.88,2.3413186,3.3918755,4.324106
2019-12-21 22:00:00+00:00,8.027917,9.2675,7.1675,27922.23,7364.5107,1577028800,1577000878,53.0,1.81,2.631688,4.439575,6.60802
2019-12-22 22:00:00+00:00,7.4195848,8.867499,6.6175003,27926.049,22547.258,1577115231,1577087305,51.0,2.66,2.9901261,3.5860271,4.713088
2019-12-23 22:00:00+00:00,7.9154162,10.3175,5.7175,27936.803,14882.311,1577201665,1577173727,61.0,2.3,1.6467786,3.5673525,5.0164595
2019-12-24 22:00:00+00:00,7.2133336,8.367499,4.4675,27954.566,17716.346,1577288102,1577260146,51.0,2.31,2.3067594,3.9718745,5.225973
2019-12-25 22:00:00+00:00,3.9195836,5.6675,0.7175,27979.52,0.0,1577374543,1577346561,61.0,1.12,-2.5318193,0.62768227,1.9941978
2019-12-26 22:00:00+00:00,4.7862506,6.2175,2.4175,28011.572,22699.195,1577460987,1577432973,61.0,3.64,-0.67947865,1.5950985,3.4280496
2019-12-27 22:00:00+00:00,2.5487502,5.0175004,0.1675,28050.584,10155.763,1577547436,1577519382,3.0,2.37,-2.8316536,-0.36505738,2.1158204
2019-12-28 22:00:00+00:00,1.6612498,4.2175,-0.3825,28096.402,12343.2295,1577633888,1577605788,3.0,2.13,-3.9516926,-2.2162797,0.1917634
2019-12-29 22:00:00+00:00,3.8841667,7.0675,1.4175,28148.889,22867.297,1577720343,1577692191,3.0,3.87,-3.5324857,-1.0765669,2.0553322
2019-12-30 22:00:00+00:00,5.6820836,7.2175,3.6175,28207.879,19526.102,1577806802,1577778590,3.0,3.04,0.27665424,3.0888433,5.048208
